0,10.191460344201628,2.995806461859333,5.847053541468287,0
1,9.038851455317204,2.596034574214876,6.509767185143157,0
2,9.723532841002765,5.666126607463466,8.16484212370948,1
3,9.032617358689784,2.8258933415113607,6.43653130924212,0
4,6.890920593847152,3.377124135526376,8.208453590659232,1
5,8.405113517586097,2.33381613763277,5.708153722869258,0
6,10.742356017228753,3.3249607221214816,7.296621692088298,0
7,7.847738194657671,4.094314225086825,8.767443992753863,1
8,4.510661481801366,10.529716205390452,10.741998458373024,2
9,10.161675482776149,3.872250225819277,9.578181066148444,1
10,4.827041395924812,10.317865628609653,9.15680364131543,2
11,5.635312131578352,7.622545432103349,10.819566572379422,2
12,9.523383189383887,1.632535812306782,6.6616508622551525,0
13,10.350284890173112,4.243016952772463,8.062797002087361,1
14,5.877324235673941,9.54857841209034,10.794744178121867,2
15,9.976765823409576,0.4441583675026515,5.14110803797572,0
16,10.391215124992264,0.5467145404251472,4.845634996573198,0
17,8.536809370017238,1.9582380377043,7.317134079606342,1
18,9.328529259022217,0.8530274461413363,6.800913955324947,0
19,8.32739031647386,4.267053320808547,8.036115927268805,1
20,10.071985324157833,3.550550133887929,4.54329637348033,0
21,4.154089326288516,12.058362202014454,9.89529424393976,2
22,4.639583769320936,10.013730921788811,10.301407626234251,2
23,9.4329573793171,2.0065170286193084,4.21586466672812,0
24,6.777270737874444,10.776614188166574,10.252119905733744,2
25,4.262917205837876,10.461638704412993,9.891672858118149,2
26,5.0021710901904655,9.214629338731294,10.924817861451496,2
27,5.187969541780185,9.813841027365257,10.529897159619964,2
28,9.509380783229968,1.6521809675667776,6.0166185702029145,0
29,9.377836397425185,4.8390182344161605,9.605784198634002,1
30,9.557892352458996,2.9335124126079237,8.708148857338948,0
31,5.904132038227929,10.36955561359502,8.258298133526969,2
32,7.887465850423517,1.9737822208569007,6.668131810575479,0
33,6.492845083771419,9.414709121393855,10.038631558077835,2
34,9.522981478909951,2.585571111258901,7.095868303328652,0
35,5.908020824660379,10.103176658022308,10.841901058858705,2
36,9.961577108743294,2.118986688751117,6.841036649896378,0
37,5.603718679614411,9.063257686751337,8.324651082703001,2
38,10.926837869747896,3.1680366486445126,7.015673332390668,0
39,9.228141818379475,2.81842348251621,6.253593884489874,0
40,5.032878684892211,10.019028403180291,10.53287878454243,2
41,10.712667682591348,4.972833133927151,10.020413959604369,1
42,9.526494771782083,4.286070592655524,7.245963691934016,1
43,9.36812242656599,3.075188845106578,8.195830775121713,1
44,9.062220354019956,1.112150266696457,5.1546267541355135,0
45,6.022466828162356,9.715421523814692,8.787282078107646,2
46,9.062270336578866,4.337387051448295,6.815101114658548,1
47,10.597064730201875,4.417583242420444,9.532523622395766,1
48,4.198147600688376,9.538520038309333,9.56936207236211,2
49,4.016466790223814,10.30791542837874,9.79673744993096,2
50,5.606673430614407,9.600387659221198,8.930610284852108,2
51,8.704826544748432,1.584523168847266,6.136289677668448,0
52,10.313593006977484,3.3973012836733587,6.864933203249281,0
53,7.2023412537295215,4.521445627348903,9.313838114953748,1
54,3.710587924007796,8.813349664025736,10.605703748014957,2
55,10.32602666233486,1.1527485925736778,5.828572013405904,0
56,11.749561653030554,1.86967483608973,5.599348480209518,0
57,9.132816362660718,3.857773215988729,8.27523117827112,1
58,6.438708808274879,10.481451840905512,9.536886337113584,2
59,4.389910811829062,10.461634452268552,11.695207016371882,2
60,9.047644484282014,9.223940228798408,10.331435009261543,2
61,10.119456776140822,2.429244591627151,5.919251715162104,0
62,10.287198127644077,0.8965071281337245,5.133572611244199,0
63,8.027678457967811,4.778721402197689,8.423129746126587,1
64,4.8041160211214695,9.562191712608318,8.886595843568145,2
65,6.470452647322047,9.908061447136284,8.408266619460573,2
66,5.049956289614592,9.037696940553648,10.06587473595001,2
67,6.153400245085069,9.371806537811135,10.130823796845686,2
68,7.048361710439654,10.148782250543215,9.93378013159968,2
69,6.662243451539599,10.396039871599031,11.104545589143545,2
70,9.376316739518703,4.101883610926167,9.129003983267369,1
71,5.115553242051224,7.357523769284878,9.845448369020293,2
72,8.84707884655174,3.533334586450037,7.302273999765921,0
73,9.737211782687467,0.9884458566548108,5.728923140908621,0
74,6.721944407571328,9.401863615614095,11.719505017813798,2
75,7.531243030294465,4.574664008007905,8.750901012308287,1
76,4.969743008714034,8.592610271110482,11.236135308517412,2
77,10.807073882975056,3.0874708845574994,4.636101998132764,0
78,8.465989611103025,4.566758066060204,8.155351226153538,1
79,7.504203959620165,3.310670333920247,9.19964326220756,1
80,4.437856318212855,10.965969626408503,11.111848827503136,2
81,8.966694141222957,1.6095571142473204,5.601380083480485,0
82,9.170286543130228,1.6961330309528728,5.638005841666964,0
83,5.121251049443796,9.490878512608049,8.270077002333993,2
84,12.055647803604788,2.2768059304364194,5.2130155629556345,0
85,9.441155958203044,4.132340389272699,9.074183334883964,1
86,5.2031795331372575,10.121509394289864,11.469299088994587,2
87,6.3833193701165465,10.591143450304523,10.06504656941147,2
88,8.304202222621377,1.456474492176607,4.794160839807727,0
89,11.535436511262272,1.4318881617530352,7.474336995168894,0
90,10.079080471242566,1.2477524851410378,6.287418020768908,0
91,5.169824736675603,10.66645501732397,10.164082906386597,2
92,8.347274790023345,5.547263119504905,6.997046646558342,1
93,9.957032855082431,1.3804591217899125,5.648376983221372,0
94,10.025667954478893,2.5239580602063567,8.931756368851103,1
95,10.199207619067431,1.782492496585954,8.286124853752796,1
96,6.979472639298561,9.46603435106474,10.517780253566343,2
97,4.043691603148128,10.934813638381746,9.995147758165649,2
98,10.453339054829636,4.194023223478959,7.633716588580916,1
99,9.57644311663219,1.5203903736339246,6.061833531105084,0
100,3.3524818107184293,10.353554988699251,8.921496370376618,2
101,10.690579747185843,3.507872614084355,4.753446233717645,0
102,10.284748415627751,4.631728029575395,8.135474458971155,1
103,8.740132456151496,3.4029969834366867,7.983630658827098,1
104,6.5583569833269895,8.83459203889761,9.153713441705122,2
105,10.947288095492256,1.372545480507989,6.330905517508239,0
106,6.6957597064492695,10.492492434913055,10.246365778585355,2
107,5.620054572285987,7.76609830740881,11.30045627358852,2
108,4.566157342843207,10.401015944212066,9.6825385347174,2
109,9.799318113785382,2.3989477868282143,7.308211461696673,0
110,9.492113235248503,1.279482989918686,4.786984885348459,0
111,10.80165113151272,2.641285137758655,4.438661698073655,0
112,10.56441459399841,2.3752398837397943,7.093903764245457,0
113,11.49334268253456,4.664787669603062,6.706990396785763,1
114,8.269471196931327,4.15542826680285,7.601239939803524,1
115,6.725212979655973,11.241368696870554,9.23224977351364,2
116,10.419347140101571,5.466611046552218,7.965912199204065,1
117,10.3703335832293,5.221318330602752,8.5673340300444,1
118,10.108330077357408,2.6013800932345648,7.99482840505428,1
119,9.017394123182818,4.294905937049017,7.628148560404654,1
120,8.788813391882922,3.023931599554329,7.801647583585798,1
121,10.33235561055058,4.568235925328581,8.995847390181435,1
122,10.720144041940785,1.4982118588945683,4.929337174886425,0
123,4.553786909967201,10.527277368750864,9.534684447067791,2
124,9.254307163842729,1.7003991802162983,6.115861985696901,0
125,8.584635426221041,1.6589706909588064,5.724313182950865,0
126,9.051069204744644,5.133305349497355,7.89481343271229,1
127,9.945034514006828,1.0122937751610497,4.738184736483151,0
128,7.2887424696642995,10.622932902026925,11.293092275376717,2
129,9.21346709752172,1.8750094276482927,4.797960745698865,0
130,8.969244878119156,2.215273939964204,7.228978228107019,0
131,10.867901463891805,3.49096542644202,8.771399926157308,1
132,10.64106321783144,1.323516554923727,7.228530156297937,0
133,4.9784643637631,10.30711504693538,10.32437112898559,2
134,10.395203492292447,4.487553118416579,7.783292620950922,1
135,10.816309506245558,3.005932627205381,3.883804668312004,0
136,5.4594036981189165,9.313017138344106,11.5863253322,2
137,10.601171676074564,2.4155571683729136,5.633525606833501,0
138,7.911655580533855,4.394248906172159,8.956599401418812,1
139,4.605187846982443,9.258103031096642,10.616090008061562,2
140,6.341458294464332,9.268521684357353,10.299001084339864,2
141,10.152331238231726,1.4008715116378592,6.890351015737087,0
142,7.76384776492791,3.1169269380528237,8.535937215152211,1
143,9.30837119926044,4.545973314068223,8.62590842654118,1
144,6.554423796921905,10.975203688989264,9.91621270262687,2
145,6.2493560784436575,9.51593793872916,9.995414034129158,2
146,10.224487184007955,3.81114720352478,5.332904983498157,0
147,9.884303864500604,3.195313471318153,6.500847399783606,1
148,9.779280473498062,3.390328860389937,8.10700859081875,1
149,8.717064040517867,1.459146019806598,5.354463932780659,0
150,3.889835229947545,8.688456678721732,10.63743971497438,2
151,9.332466237413293,4.5558142104658845,7.021558290310851,1
152,6.198872523840907,10.150042286129503,10.478125206087013,2
153,5.445612898298405,9.174213008227772,9.964212124333924,2
154,8.690207712588688,5.422785040973106,8.572336894402147,1
155,8.27361924933425,4.157197674038051,6.282399156994935,1
156,4.257633229594453,12.349093072016366,10.172413484560186,2
157,9.997072762833746,2.978597467773315,5.392105167810804,0
158,10.47357524089614,2.00272068866188,5.484727881123063,0
159,6.114859668183521,11.15579443717614,9.663558913079628,2
160,3.736846482706152,11.18740899401421,8.957689841217906,2
161,9.69428746842024,3.46223605238773,8.539932642600531,1
162,9.565978605560382,1.7185540876373873,8.401339216365113,0
163,5.909573231012296,11.424265910654425,11.65572518081713,2
164,4.186033150397396,8.938684613049269,8.891585725819121,2
165,3.785851158482198,8.727263565651029,10.533968362654182,2
166,10.363612613432934,3.0733097352953376,3.7079573203899447,0
167,7.318309711490225,9.791428343400224,9.398349272804705,2
168,10.59275696938861,3.109385926325036,5.954682852098007,0
169,6.316864159855141,7.074707965958575,10.534622530787225,2
170,10.856305695561453,0.4816970560093578,6.31288931326754,0
171,8.115886997439993,9.202347389050306,11.027651867917465,2
172,4.400845703565458,9.560180449859375,10.379742901548475,2
173,9.978229505620163,4.012444379187023,4.8580374488785,0
174,5.891994596774035,10.069653905143358,9.757602515583814,2
175,9.43759295299416,4.16150409156378,7.849755719936504,1
176,9.798242340706636,4.935198297708212,9.072841720189553,1
177,5.478975390733925,10.550012743988246,10.86932806102054,2
178,10.259144392844844,6.871275393381588,7.328875726960233,1
179,8.434716243368324,3.922014117332784,5.454379542590701,1
180,8.645772146718697,2.910364590337844,8.141951385493883,1
181,7.205622915603433,9.56385712124574,9.91422487805318,2
182,5.93788346375004,9.637269500381104,10.24792063234784,2
183,9.411811128864263,6.499824165828123,9.643641671042962,1
184,9.007400127904,4.027099293778734,8.89775661658546,1
185,4.887665680700636,10.27519280400202,9.595951828062436,2
186,10.740113646188496,1.37049229283298,6.741716295708399,0
187,4.4017862788337165,10.502909461240533,9.30374913858339,2
188,9.53658886135229,1.353693594136704,5.181550734887999,0
189,9.0529435251242,4.100977224411724,6.504059511724014,1
190,9.020279241207367,3.833823048818373,6.34531156157835,1
191,9.26584164113776,1.866037639943851,6.500239025399034,0
192,8.795285148126604,2.965103918097387,7.503792184306754,1
193,9.937526251489198,1.839485023532002,6.601574412021518,0
194,11.444737027696554,2.5742640604741327,7.671080605643394,1
195,9.808183663842431,2.793155943182304,6.748907130637157,0
196,10.920617441714729,2.8432034739093077,5.370227035180041,0
197,8.919452979837546,3.5578260593966133,7.527435034733779,1
198,6.564392433057157,9.557655128160198,10.02607063693656,2
199,9.12771529214022,3.0670793817136133,9.840915484931385,1
200,8.585060224175148,4.037081641188229,9.158272409062231,1
201,3.514704502048735,9.855919625024804,8.608200683973458,2
202,6.779469422307917,11.133812895106054,8.919497674485491,2
203,10.77007585978511,4.222181371083797,8.264718621509246,1
204,9.79399469096628,3.477846246233376,5.146666807330604,0
205,6.695176562473127,10.443664164538603,9.80482656056482,2
206,6.532664160858569,10.33820111674225,9.66756176108184,2
207,9.264989452108685,5.104761120689075,10.470963757169423,1
208,10.195981761656256,2.9236584300936945,7.300027230464451,1
209,10.716289844027228,0.5510678662264101,5.197559034607392,0
210,8.50281273034946,3.925432664536158,9.026209835602836,1
211,7.72252234931649,3.2300887279124755,8.556578431391351,1
212,5.366798275501064,9.44732304408255,9.883962197440118,2
213,9.743011588892676,2.789027646688794,4.842632130135268,0
214,4.803981837545323,8.518745076773389,7.516834212191,2
215,9.7319687725188,3.6916336053265386,5.134578278330517,0
216,9.546298491908829,5.232203646196272,8.177426623497816,1
217,8.68723144903144,1.6312279685513258,6.273758454058609,0
218,7.013491372387234,10.580531103776808,10.880932521722956,2
219,6.013191978287912,8.711539581677966,9.849096058173018,2
220,4.962847223854728,8.938470240212675,9.237150225043315,2
221,9.39755733858483,2.9478768117133027,7.930935315452615,1
222,9.32726417272051,0.9682385982758704,6.550784015530292,0
223,10.108103405619383,5.310575445980894,9.115139751143502,1
224,6.888836938312455,1.8633061504925976,4.886504710503961,0
225,10.103182379534244,0.6561860066013447,4.844148779767858,0
226,9.754993008435088,3.653890448988432,6.324046625024402,1
227,8.808444197216607,4.681863792704179,9.793966203571244,1
228,5.724479942022218,9.408367969174051,8.487814222011838,2
229,9.808098284020172,4.490444033475914,8.161233085047565,1
230,10.431529586597092,2.3536021992133125,6.3298517715643525,0
231,6.194636994928374,10.166621810270197,8.866953430848497,2
232,11.736291874309575,4.808485255584465,7.166886551514032,1
233,8.285890999382328,5.76834219970964,7.778116159756152,1
234,3.994793294312791,10.00747025448672,9.08604303920916,2
235,9.209130992990822,4.442728856806575,7.805909330741916,1
236,4.476586606704831,10.067741593800816,9.763037537472291,2
237,5.909760261987941,9.97515278861333,10.482691532989628,2
238,9.91460169394042,1.3170220094870118,5.881923575237599,0
239,9.800612819428435,5.324859069493115,9.322925000211324,1
240,10.437831055602397,2.811237787712619,5.413258902929545,0
241,8.288507712521684,4.7275563709551145,7.381075404502202,1
242,4.984109145719303,9.229120106900432,10.190147183453304,2
243,4.981932386377317,11.076325720782332,10.370437226784691,2
244,9.97406105577939,5.65372039999696,8.563156993215847,1
245,9.14512306017126,1.5116406059677376,7.105007304173841,1
246,9.609068662661056,3.1858107187994604,6.720056379864662,1
247,8.536952360399265,1.4790722511332772,6.12005048641258,0
248,9.842151912681206,2.4717029627096574,4.664369834301196,0
249,6.076298657346126,9.68420390790648,8.574389093416684,2
250,9.783104298879715,1.8005589895158294,4.461403729613895,0
251,8.777202617927543,4.942760593748942,7.597934328529847,1
252,8.867427375517488,4.577010827931303,7.325130562365345,1
253,10.279686839629903,1.7868714198927225,5.655111172946813,0
254,8.005664021102405,-0.1606592230035708,6.312605753836767,0
255,10.054402532938198,1.6831227741763348,5.656378080829316,0
256,9.98790729927214,1.1856805742622565,5.397993134005101,0
257,9.075108162346837,4.77506821613362,8.75176127394511,1
258,10.650456105885556,3.362557145637898,4.742164808961963,0
259,3.713860296254052,9.06460844837176,10.586356199817413,2
260,9.332888097792408,4.960138372242576,7.374624156404864,1
261,8.869809262429053,3.634899569524361,7.379351611765323,1
262,9.534117689919585,1.686628224125558,5.945514678115769,0
263,6.315629721771398,10.33369950682412,10.200723893050764,2
264,8.37875289463568,5.1174635088352165,4.415807764112821,0
265,9.522927792108431,1.991462161594956,7.017556310743112,0
266,10.413061957092776,3.169575400069913,5.588549819372587,0
267,5.966730383499906,9.205302757227408,11.613239532655363,2
268,11.795696006344002,2.410942172011921,6.437892745619634,0
269,10.443696143993629,0.8871358269296856,7.346844851546437,0
270,9.941945771089992,4.500402578051132,9.285393934414245,1
271,10.91699278544932,4.842554112665893,8.529016903426895,1
272,7.423701961075696,9.158338278098988,10.421731796741474,2
273,4.923766932151289,10.650495228191147,8.756447028763507,2
274,4.2187734779228405,11.299918719844776,8.635107988868231,2
275,8.31447682323388,4.434987561498716,9.437688835935536,1
276,10.867804579998388,2.405267091053452,5.0656205870909385,0
277,9.045155237301822,3.947665068649793,5.041838137658237,0
278,10.039727006308375,2.869522678035723,7.30496902504173,1
279,3.2959243697032865,9.795236959953709,9.040495634001564,2
280,5.202010031965455,9.902579849858247,9.934824670124998,2
281,8.65464418970511,1.957537523179444,4.3678024031997165,0
282,9.209322078569976,1.290531024565658,5.400654652943643,0
283,9.069122730531848,2.014673061454428,7.332426716558489,0
284,9.6777010113812,4.2006000328796045,7.823255799615217,1
285,8.942389852622306,2.059922788769716,4.7959389041610665,0
286,8.927532012198991,4.98634814720918,6.4311499625345565,1
287,9.457101403888316,4.191233847621056,7.192023261753557,1
288,9.001177142771104,3.099003211633073,5.901975750332444,0
289,11.02388191979098,0.2911621873609826,5.354282968029049,0
290,4.407198904586013,10.442545331780709,10.1637454653127,2
291,11.144676941078462,2.183594064858572,7.10813410467639,1
292,9.987362081320375,0.5048250242237136,5.585837663500722,0
293,9.14541547275691,4.261081919554414,6.758598016833808,1
294,4.678362787402705,8.27631303988584,11.282526360444272,2
295,4.162050051017642,8.862028134768407,11.859032307534582,2
296,6.205907648599069,9.502012163954287,9.665482650883378,2
297,5.234832587030307,9.582186977108202,9.744858851910072,2
298,11.24776173301581,4.7052247492326815,6.397817929983536,1
299,8.013436424093097,4.146712878816143,8.783437834673052,1
300,7.683846944272088,5.1950958588119525,7.183263398896522,1
301,5.609685869236928,9.317782750366929,10.406788082597997,2
302,8.286108756278804,3.9091786768850256,8.559492792741882,1
303,10.98443926343154,4.7768811353166,8.157277682870792,1
304,9.785074051372796,3.735877067197688,6.988477490077966,1
305,5.3714408088015135,7.760139159380506,11.032103241287295,2
306,5.270214688129575,9.56683522888128,9.668935822767876,2
307,10.680289798230618,4.321575096877671,7.477647621129161,0
308,11.172276394876796,1.5769986290159,4.87172802883016,0
309,11.389892537151134,1.207600394250214,5.252270095828999,0
310,8.399109773783469,0.7442166404801576,7.366446827319456,0
311,9.345015227727648,1.9365556325328928,7.439220996197836,0
312,8.593088746478037,0.6165360618036291,5.861177552756128,0
313,8.91872099757855,4.035817945423432,9.113317749487512,1
314,4.4597719462915055,10.373679896149188,9.9333411267737,2
315,8.330109353749751,4.408260805456802,8.038641053900047,1
316,9.426416590368785,1.2009651428958033,5.064075476034303,0
317,8.714645132913855,4.172227030588594,9.063989621683897,1
318,5.4296363937338805,9.23046451782893,11.250113830099414,2
319,9.413633284963018,1.7534113894804453,3.4793885819342387,0
320,5.647753248170288,10.32175907225901,9.47892145074166,2
321,9.673002436507367,1.1686386225920948,6.286155967334644,0
322,6.955082310126499,10.236891190330851,10.378668576677509,2
323,6.373778485451585,7.701971035512585,10.364841607701765,2
324,10.931169268957374,0.8581846881728445,5.121409431364707,0
325,8.51119612831267,2.552949963855648,4.731424437282129,0
326,7.641090256677343,5.516827499126878,7.758321043673715,1
327,9.924614914721264,2.6038402340552507,9.572893540735404,1
328,3.863688558586591,9.965526453273164,9.487552494222845,2
329,4.154976427142412,11.527145571499153,9.707986955317171,2
330,9.64039573774942,3.694696024034223,7.094408159728719,1
331,6.027743757871497,10.685690268967214,8.86383323853046,2
332,8.571136747630163,4.367401313608313,7.574064064198549,1
333,10.173958151781628,3.3829550532418087,6.557881771540447,1
334,10.760663463182889,4.595647421286401,9.793485881604228,1
335,9.450844223337016,4.618847491091861,7.226111390335123,1
336,9.89306999787352,1.4807427846559778,6.254201852116162,0
337,9.723675567096404,3.8684323631718383,6.342653256835985,1
338,8.966297498447226,1.1125478872492405,5.246467012272312,0
339,3.663654162739376,9.739570879687786,10.186840190752047,2
340,10.080808264603844,2.4945548266410853,6.30760108911773,0
341,8.384477546422346,2.9844036569853434,5.297589687103709,0
342,9.795016285579273,2.8333251286094225,7.285725917680944,1
343,10.259353189836506,1.9917472052131504,4.069953680516615,0
344,5.079625047455495,9.004640245237864,11.934523829456287,2
345,4.225710632816004,10.16127384231751,9.96968326605531,2
346,6.500262233564796,9.565550106068605,11.149624011907964,2
347,10.51556242667148,3.1732511993201067,9.314517854274264,1
348,5.834226444539286,10.016480412741268,9.39642122803248,2
349,9.581392867435536,2.9025695849021904,8.179008257862813,1
350,7.60550102261513,5.265148453669103,8.451985673342497,1
351,8.460121619061551,4.200385323472318,7.390670373687881,1
352,9.537323754323843,1.8638332076144828,5.99452326512483,0
353,10.99959589727004,1.505430290286897,6.016034991705266,0
354,6.360724689765776,9.3015212596277,10.735320497963713,2
355,10.13558863911105,1.5372127614230098,5.961666536560292,0
356,4.930343861681243,10.211279636927136,10.096668636824354,2
357,9.133053824056692,1.1521412180072708,5.37623702110858,0
358,5.674346858085697,9.145536962998335,8.671032517897803,2
359,9.537541479114044,0.8316719824269261,4.860576881826362,0
360,8.731038712318226,3.898996133023408,5.490829776162116,0
361,9.490022064571749,5.996038948579967,7.831230084626709,1
362,11.141047833232788,2.931492073403428,5.216587909173943,0
363,9.084349059157416,1.3881531878473907,7.663264274854866,0
364,5.921764300939354,9.559063712125973,11.293164336872726,2
365,8.874332889085258,2.652358736522223,9.359583957374117,1
366,8.18682191358265,3.466468618811597,9.06390209668923,1
367,8.385674944877142,1.0894107304986878,6.566415808779588,0
368,11.716021895251416,0.7810526387396126,6.314693202045578,0
369,8.161149558201249,2.139590732491318,7.933466719734869,1
370,5.910224331427826,10.075138964690714,9.071812004899693,2
371,5.731182478000386,9.206852529323273,8.137844899983687,2
372,10.588916776586244,3.1999384613752926,8.452577954125596,1
373,10.763257088028949,4.64199381974922,9.32670098054145,1
374,5.72882439417395,9.709225203801408,10.7462489826757,2
375,5.659382509392392,8.901945762458926,8.901208262971943,2
376,5.999009274474867,9.834591002132187,7.512397608748509,2
377,5.527590015581375,10.55962006741546,9.420555599434271,2
378,10.1714627391797,3.630673285430946,5.790938089861655,0
379,7.293944703357479,2.9084850253245813,8.08928231422547,1
380,4.642955525810825,10.425951000668531,9.448092233730216,2
381,5.035800518694577,9.260192568421736,9.012410880670688,2
382,6.239998906328919,8.924979198011341,7.879306219148642,2
383,4.224811383323409,10.268632817576568,9.69772132599569,2
384,9.933026763829249,3.39603857012496,8.896019249193161,1
385,4.918994207641743,7.8881941161635805,11.156945179658305,2
386,9.702156552724224,1.981249061497972,6.343069240521058,0
387,9.15957327599372,3.150394923963008,8.644614110122985,1
388,8.495823915506223,5.895901981875566,6.76477145794474,1
389,8.635056565851274,3.780815282515018,9.273986974338728,1
390,10.513745586029286,3.734856398418523,8.086684629853066,1
391,8.621007951396566,3.9490905479683738,7.402283252560285,1
392,9.858528821917371,1.7598924374516844,5.320643409371693,0
393,6.533283676254913,9.697201470608794,8.436812610545122,2
394,10.11570270505367,5.044324276109507,7.78884648241672,1
395,4.823397231979988,10.69929373416921,8.357505703073699,2
396,7.880215338879729,3.841498480073177,8.284208046613353,1
397,10.972800157884054,3.038136780816645,5.134492671744017,0
398,5.561880097334618,9.601683817403789,9.87566874700953,2
399,9.32014157153922,2.0024024032311645,6.56493479512247,1
400,8.900484060138785,3.2600604458244,5.883093205844632,0
401,10.651521940085711,3.041111788437827,9.217616978869303,1
402,9.429824531391796,1.5507068668609352,4.746520485173868,0
403,9.31347619855761,3.153746911845852,9.555162603023518,1
404,6.268907145090746,10.05591163815282,8.848247730232611,2
405,6.885244593834373,10.084088734754957,10.409896139281386,2
406,9.96077033870152,2.9011416431874864,5.805153137694679,0
407,6.0079040318220525,12.317841547606674,11.819660764774463,2
408,6.456197256655504,9.642969788808813,8.134626929518106,2
409,6.073674776257261,10.031337414512592,9.552768897364606,2
410,4.687136491299303,9.479158536471385,8.791419184469316,2
411,12.180904891999475,4.1233984028719535,7.624410461216657,1
412,9.9080155272026,0.316972946144137,5.61651194464645,0
413,8.871452480818192,2.575677314784784,5.626064212633173,0
414,8.806007492488483,5.268461619901494,6.2835034096487306,1
415,10.116118847482417,1.9273075485388245,6.577779971657714,0
416,10.81396981138014,1.6367085426863797,6.543762639688024,0
417,9.252521247904008,3.539862790717164,8.091759439117926,1
418,10.234202896138822,1.1230951034023082,5.475984657770091,0
419,9.328491157724192,3.4916132353474127,6.743210495444293,1
420,10.010289015486537,1.325424457977492,6.871156847922717,0
421,6.12623574614855,8.813784266428545,9.42528032961331,2
422,3.2375030103363844,8.591185344226691,10.144906280352354,2
423,4.596207129079735,9.831070205367537,10.442021437208671,2
424,9.973219626882573,3.466137596189474,5.913236231761997,0
425,10.074464752038905,3.150076869066216,3.769779475109476,0
426,4.285930924225784,8.362315587210237,11.787960310290275,2
427,4.4533599292561,10.47636574108314,10.611557202039387,2
428,10.35705818340541,1.7103619225998252,6.832506085277793,0
429,8.381895895662371,3.653577279372098,8.172221272521957,1
430,11.095817498310105,3.3339683507170568,4.812451014303955,0
431,8.12230894518587,2.5981784631061,7.317559903822579,0
432,8.740713448041493,1.619986033074821,4.627128622683464,0
433,6.258686369567934,11.308956606261354,10.652512647105086,2
434,9.19488674041553,0.5297174468563723,5.912120981342211,0
435,9.257168660906745,3.5082313299202337,6.315362267630455,1
436,9.05169975121413,3.341611604565813,5.394051905689111,0
437,5.695201199708779,10.854065087452318,10.625454765854492,2
438,6.764971897239962,11.031751950522516,11.030560160275227,2
439,10.407495048774257,1.9054692458110245,8.942876335039603,1
440,9.55060248763309,2.032899201899784,6.829181917283012,0
441,6.433752755368699,10.41756107448564,8.675526823076492,2
442,7.842838298241972,3.1749715080191345,8.162300709195158,1
443,11.49933854638172,1.8913969451595685,6.0396483143148325,0
444,6.064137671184854,9.209748769164712,9.535591591336868,2
445,6.108006614538314,8.879997744381017,10.393292079369903,2
446,5.750287276860013,9.290691736575807,8.155449581259774,2
447,3.342187594493283,10.264714709635625,8.431554294303936,2
448,5.664863321747362,9.890580833911953,11.198425121624997,2
449,9.942391198929526,2.87697566866489,4.115295695637485,0
450,9.138690097614308,1.2548660443497104,4.251860616756908,0
451,5.043502365641623,10.391743683584869,10.17941927477753,2
452,8.35249249552823,3.87072113058203,8.077763487261068,1
453,8.669410500248382,2.5674772754160333,7.993342901444929,1
454,9.551061528171324,1.7502987867063298,4.493622106216635,0
455,3.9234730648548464,11.520997515517418,10.613806546228131,2
456,8.77249951488559,4.790631580317458,8.036019128580147,1
457,10.47726533267273,4.354247894745222,9.178394257543657,1
458,9.077602385929724,0.5510962713213241,6.135715957206109,0
459,9.201403632358977,2.3348722824722565,5.641210683381069,0
460,6.547937332516405,9.12428326624098,11.233937104706513,2
461,11.10524638924709,1.8190995335545448,6.808469115025932,0
462,6.03821872430939,10.30070809961871,9.837688528861513,2
463,6.21933662277279,8.792362163513005,9.506076363265873,2
464,5.956852114841154,10.05666209344038,11.415784468046397,2
465,5.294690502047032,8.36676114577732,10.243410158636744,2
466,4.945542932546695,9.393661056898772,9.97246032435482,2
467,8.371132415857623,0.7046452370826761,6.514407802762618,0
468,8.353878645512212,1.3710214601943285,5.0210555951075,0
469,8.111986769687551,4.106658777772204,9.765892404119578,1
470,9.555104377642197,4.875337286475246,8.389638969017284,1
471,9.352346505646649,1.409503101597509,7.127080375865567,0
472,10.80802231670692,3.3891337058214037,7.562126049513164,1
473,5.715325640930432,9.437324147013426,8.70297652651997,2
474,4.100647374735103,8.562164944936667,9.80932746900474,2
475,9.320131904442864,5.014347295304927,6.184386755745434,0
476,9.623796247824076,5.7312959689632486,8.803182952684402,1
477,8.849807719058223,4.051054876173932,4.676333413619664,0
478,9.12245869772022,4.352360101543344,7.864217203585156,1
479,6.709725990391012,7.509952328989882,9.417145780140926,2
480,3.172090949149746,9.391368121924735,11.7940238750374,2
481,9.820252617701426,5.24628909615725,8.464171027892545,1
482,9.344955508237938,3.2967818582237745,7.496408177376393,1
483,9.49488584480945,0.5904468521695383,5.021183855601199,0
484,10.18029813676534,-0.5323604552981955,8.040043670370814,0
485,8.981311992262858,4.238442484122056,9.01329074288098,1
486,5.25383467286373,10.457802739327164,10.302726044452818,2
487,9.600561831987209,3.817202353432584,7.308362656193835,1
488,10.285490574055837,1.1991821486532008,4.234420400720271,0
489,5.0322287879103245,10.765025922170256,9.35724422265455,2
490,8.161704410936835,3.9848176965120503,5.866776808706312,1
491,5.510052467347778,8.587675350746405,9.19656398128189,2
492,10.347763809600965,1.9790741081374577,4.71996315756599,0
493,8.382346405467333,2.633455878972605,6.804944921216379,0
494,5.732264487834689,9.061611667920566,10.429091322106537,2
495,6.734843526394049,8.483708905694778,11.334651516747329,2
496,8.298483617550136,1.973651639099124,7.788888944926914,0
497,6.491516623184732,10.692222468323152,10.266939033273058,2
498,9.710067284522813,5.095847537789839,8.555873633790585,1
499,9.959379364509786,4.700310200040522,8.405723559418872,1
500,4.67135869202432,9.376084379258014,10.173495528328957,2
501,5.634398233253835,10.377493142891275,11.095656596361373,2
502,6.329856682321704,9.468205145170815,8.792429842924863,2
503,10.409273074354562,1.56225173276199,6.106568844195683,0
504,5.816627777622422,10.509205940637523,7.7067368855630916,2
505,10.97973090542988,3.022797711960164,8.880537528105133,1
506,9.428702569674211,4.952221823288958,8.08589507469402,1
507,4.658575290149081,9.023184682716597,12.008298990847416,2
508,10.906897105712284,1.23197039828586,6.598067545379911,0
509,6.514811307324379,11.567721655987995,9.058422892377497,2
510,9.568566341281509,2.1939405387020763,6.085058005203207,0
511,6.612829554896729,9.843787364341422,9.851975090746,2
512,9.770685394344124,3.5439414177753745,7.5721647190020445,1
513,10.349709273436591,3.467975218011,8.503421022736468,1
514,4.631996800887786,9.697210362267043,9.461515628955985,2
515,7.995394591518177,5.006232327221703,6.68425853146104,1
516,9.150035794101298,5.348287878027583,7.006063115718114,1
517,10.008273902595883,2.81019679312993,7.520879470955898,0
518,4.664058643948142,10.446984353447862,11.259587402506954,2
519,4.935827125716651,9.348604024450864,9.65153811198675,2
520,8.835563021541587,2.6479358695399213,6.199792956736599,0
521,8.312781800827167,8.55405340905617,10.703539015153996,2
522,10.188958942911626,2.380656951452459,7.635171296478693,0
523,6.3095813766249,8.996519866015984,9.91861352421267,2
524,6.755372055641532,10.636827271498388,10.378179610363128,2
525,4.360260771590076,9.56715086205007,9.997811414184316,2
526,9.90300856428207,2.341748542636309,5.725036356486094,0
527,9.669041939446023,4.0737977524515365,8.302142763220633,1
528,5.709140403984121,9.77877328460264,10.332581840555216,2
529,9.037986896656417,2.1315674190048988,4.836666650198611,0
530,7.188074881883662,9.044639664040844,11.872318677630757,2
531,4.325859224521979,7.928871172917541,10.792204055361694,2
532,5.197434164293811,10.121124291975972,8.722620782158891,2
533,4.29089175562197,8.918709970099203,8.522343879417422,2
534,8.815195925522188,1.2155556693191176,7.094758084472261,0
535,3.899325167029714,9.973329959626923,9.758897101241958,2
536,8.543185266771035,4.1034215079969965,7.109849324241612,0
537,10.61474819196244,3.629716185613644,8.055419152876505,1
538,9.213831094596811,3.88776170771632,8.831746846260616,1
539,10.203357126815623,3.9201304580019234,8.013394327100535,1
540,9.15599015544305,2.839024593099463,7.678568506146365,0
541,9.740473677060812,5.556453494348872,7.701513280389592,1
542,10.995690998940283,1.5912140851419272,5.368287940263196,0
543,3.980359503351681,9.026120159226869,9.923123385033664,2
544,9.103879415008048,3.786589098834298,7.58079592848812,0
545,11.467098039284464,1.351179102051709,5.595122360284397,0
546,5.637351569900584,9.015454970203775,10.645413601300485,2
547,8.93668285705875,3.8260951478400953,8.94851904678028,1
548,7.511892162598265,2.1812204075184973,5.122347791002546,0
549,8.07503772492278,10.99032624229478,9.683785913537942,2
550,9.110479533924096,3.0845968879299037,6.9538913458641565,0
551,10.741410861756586,1.4199849470446453,5.7502431883052205,0
552,8.501117176937766,4.836335936737735,9.810532060408146,1
553,10.539818484408222,4.007567882690293,8.884332220285042,1
554,10.177523325235162,1.599838948662911,6.20808211225983,0
555,6.936887030597023,10.877143148600537,9.831163635333118,2
556,8.737272978427418,3.1299304940235846,6.022422948939901,0
557,9.662349650452075,1.4617850604400369,8.602557579949309,0
558,8.66869214678225,2.6684337894255887,5.771496248776279,1
559,4.815699226943656,9.728131237181266,10.468287805968636,2
560,8.569590854070366,4.674820091825398,9.26487682467163,1
561,10.848912372318404,1.0777591715096255,7.552606670131246,0
562,6.304884763936088,10.228063753299368,9.822317389913623,2
563,6.529230860527836,7.871185890587757,10.429577451508928,2
564,5.30579731900581,10.470748404418703,9.829656982320358,2
565,6.257585811224091,11.440613579856729,9.152426275676111,2
566,4.996463371127892,9.628628915483624,9.399707551624074,2
567,10.852206543502074,4.440489628019007,9.096952410442432,1
568,8.575152671803558,2.795801570835201,8.640445908482123,1
569,10.7408314056421,2.705825329443009,6.635217100693621,0
570,11.381011847403183,5.439605471414887,9.27669753386484,1
571,10.42949300653603,1.947457913509229,6.160558109863026,0
572,6.09018890419688,10.17801978457551,10.288264378140036,2
573,10.44476189226834,2.699867334384903,5.616160022013482,0
574,10.095937974687114,4.597679786613607,9.752231951074226,1
575,9.474970180688183,1.9077625522744937,5.182103439323936,0
576,9.148318676197553,2.1248711558920217,6.742711771343053,0
577,4.829723041188096,9.79238619179877,10.119295659978937,2
578,9.568043519986096,3.9939552873090434,8.73387584548769,1
579,5.338567042815282,7.308025086526202,11.022198795195465,2
580,8.970869041216433,2.858243409034744,7.528251767373804,0
581,10.513289088501224,2.0756309016413885,6.431900945196878,0
582,10.334112967587464,3.3728137940755403,8.492834830352969,1
583,9.526922772541292,3.1652753255101307,8.193443023665935,1
584,10.06359150444111,5.8444160539674295,8.404107042093912,1
585,11.197036476280545,1.9216513929661712,5.626783409264892,0
586,7.796620058912106,3.409928732584772,6.878720215868797,1
587,10.428885766407408,5.909914319994568,6.991178447414296,1
588,8.794287911773525,5.410560610344053,9.048353011639758,1
589,10.406003698028798,4.215159414201385,6.879321099268198,1
590,9.852156020432732,1.8863370547399076,7.370564446510355,0
591,5.239651798467563,10.573244166536384,9.965347247608957,2
592,10.546373204145246,2.051777777785351,5.402542622767813,0
593,3.4168074109197564,10.286749403693491,9.580244579356396,2
594,6.93811736117031,9.701779981337792,9.111221203682968,2
595,10.564110879156363,4.759572445985319,7.48045320725424,1
596,10.702690303915697,0.9842262082455748,5.868234400893756,0
597,10.907949357561682,5.400888247394681,9.05961520755541,1
598,9.499975488968614,1.628872013970841,4.374891906493907,0
599,11.164978836164956,2.0206098064082862,5.867441479145716,0
600,9.316606648812844,-0.2934432338065991,5.717048052344029,0
601,10.341993204234312,2.192871916496952,4.054809122212424,0
602,9.380628636864095,4.691931515323849,9.04592395450552,1
603,6.263378658807183,10.973423975084312,10.084082188418286,2
604,10.713992285845285,2.916021501129477,6.765856127346957,0
605,9.374316686273657,1.709731358782021,6.773331437416752,0
606,4.747694654360463,8.368408223343952,11.245837471034296,2
607,5.011110373808742,9.468600397401062,11.081537746225996,2
608,5.682110971288578,8.205451413331676,9.564472617974824,2
609,9.11584686572408,5.587818955799,8.594767191535874,1
610,4.824430402763015,10.879164766845747,11.457006234503105,2
611,6.4008501611672814,9.849627267415949,8.901442993817541,2
612,6.53059873518009,10.438064785108704,8.715316503145335,2
613,3.674634895212232,10.750722477794834,10.07401000806589,2
614,10.701476815609436,4.176517101837996,9.397537183330725,1
615,10.54230946832146,2.5321425387110787,7.175366136054878,0
616,9.708276619568824,3.632501592611164,6.491771160851833,1
617,9.952360983257815,1.475900015950478,5.895787422258572,0
618,5.066221658962459,9.557546722026034,11.26657708405432,2
619,10.0660438305713,1.8233293155341388,6.059008014231432,0
620,8.68969954071587,2.604941338051784,7.872395368565078,0
621,4.921688451222616,10.226785503108012,8.329339690628823,2
622,8.394438059969335,4.328970759764276,8.942557909764705,1
623,8.891506191483842,1.9559340589127068,7.388584022931002,0
624,9.408827214696323,4.730946049140678,7.112819920513816,0
625,7.64401293048709,2.817980441537744,8.008419099983524,0
626,7.885119340475962,4.157773396504726,8.151659370549925,1
627,1.734606142400553,8.557156974873099,8.293076279094198,2
628,9.838236153091891,0.6965497505184723,5.404883561744175,0
629,5.571248469283755,8.871304430822502,10.539422474929248,2
630,10.760649505064722,2.6500270242868518,6.397242203647095,0
631,4.61561470890539,8.721463543760574,10.15690451653477,2
632,9.398556953363132,4.278702499414705,9.178457748513605,1
633,7.8995841962620945,4.045406872056908,9.298558607402809,1
634,4.897465235524165,11.34244207257681,11.170017948294308,2
635,9.853485533208728,2.7908639931695225,5.373867315743675,0
636,4.037218544782048,9.849122956530094,8.746435955641088,2
637,9.494403734829667,4.242850727912681,8.127602816624275,1
638,10.451660534566017,2.717837069176704,4.424310646118732,0
639,9.586660539124876,4.747849072302687,8.085960730359037,1
640,10.886837566102871,2.9080624426279584,7.219513862098297,1
641,9.008211769273409,3.934795147075688,7.371857092664058,1
642,9.874040355018249,2.1514137496814287,4.775857775994956,0
643,9.95958943532269,1.640474292040662,5.6462756048176805,0
644,10.408807446829025,1.183483800577588,6.887012683968381,0
645,8.448550922759948,3.1650912566253657,6.562535068783948,1
646,7.705646855553203,4.003137800956096,8.208733256079128,1
647,8.449451208057454,4.388877745914495,7.562207648428997,1
648,5.496769615151921,9.136010732556306,9.379907926196958,2
649,5.797357996503558,9.804471856613956,10.03867483420117,2
650,11.260789462092596,0.2281245833540204,4.6877902253800094,0
651,6.94337926263746,10.111667034274554,10.839491461863446,2
652,9.81533955826893,0.9090763274182287,7.166162027568095,1
653,5.6094770681873065,10.680217339986154,10.225083024811362,2
654,9.192977026215038,2.323411868148747,4.279004324768323,0
655,3.4920722807962745,10.447196152607692,8.512956399708086,2
656,4.464976985651291,9.653249906913386,9.071649482610376,2
657,4.671429244818437,10.748399178623252,9.81779773532883,2
658,9.7755723544359,2.8860230994801164,6.462579002246311,1
659,5.178433514890539,9.829993274372184,11.9590842646974,2
660,5.536722848544025,11.48784660901439,9.527497554713628,2
661,8.717648225330215,2.042338282558792,5.239956821014748,0
662,9.457724524604863,2.900377771549689,4.649467864683312,0
663,7.101142784533344,9.52824390812036,9.685341895674496,2
664,9.972251790149786,1.5554361417370366,6.531860536593637,0
665,6.589189692786119,11.48087379116822,11.73690348745352,2
666,10.316596324295674,1.6497702681783348,5.6210488542987775,0
667,9.445941971820982,5.082532726056121,8.517867392351235,1
668,9.27848053886194,2.423412419880305,4.8894351963114495,0
669,5.157354596717601,10.131710628476416,9.729174859638883,2
670,9.397079114670603,4.690368239489837,7.088985202766015,1
671,8.882499206551957,3.7419905180649584,5.764204509004999,1
672,9.322042386759207,1.9798599129016337,5.890261787003871,0
673,9.998240314218762,3.4858232839648826,8.881760157119034,1
674,9.71246298910971,-0.4472872581750173,6.330248464815523,0
675,4.759187089490959,10.895653432068093,10.498514853733482,2
676,5.310031054624728,10.538130515175752,10.198209251527516,2
677,4.087017940118613,10.162380198706646,8.61471689720628,2
678,9.857867724663697,4.034513159949796,6.905397576454082,1
679,8.086871544515677,1.9484010351217684,4.532011154450848,0
680,6.250194630543307,10.657905482935274,11.379677932854182,2
681,6.368849109800395,8.985362546220582,9.522325447299291,2
682,9.006865811702218,3.3088285855905006,8.414188560645758,1
683,10.315602767259604,1.4159191472823385,4.942500627227915,0
684,4.77964121408286,10.57187122660946,10.364738648322575,2
685,4.698196714431889,10.112883667945692,8.771165251558545,2
686,8.832825596760353,3.7431372022569738,7.88352502778894,1
687,6.860456993308874,4.98660753190991,8.094895897461756,1
688,9.566104738670267,3.843836248158377,4.946596782811149,0
689,9.950961508102225,3.075149243091976,5.891698000971985,1
690,9.32705706643114,0.8653918569991637,7.413455739482472,0
691,8.362472508470457,5.600112462270405,5.838378698511659,1
692,9.142015099628338,3.8117128562276834,7.875802962665573,1
693,6.2513004206400735,10.751922862836889,8.084853500073992,2
694,4.536601730473916,9.665966651631086,10.149609405813807,2
695,9.772655917316952,1.8006129654233642,5.826210472050772,0
696,9.63452832742511,2.704979136557147,6.627475728829842,0
697,9.175983171389277,1.5697932728120256,5.317106809366089,0
698,11.154723223293791,3.763143081898662,5.914060215615374,1
699,10.415921591018854,5.613089774722788,7.380087579109936,1
700,11.174578031101303,1.8467315337566343,5.110864828086272,0
701,10.062197434304316,0.8606922727834465,6.530546008257881,0
702,11.278378610874302,1.6931842833625903,6.639076102693586,0
703,5.715838049633405,9.684215468285958,11.11626683533716,2
704,7.121313251843566,11.864031016643825,11.552085269125676,2
705,8.645704304565266,3.708850811402329,8.071279750790007,1
706,11.968214755573095,1.2499820053469313,4.995633833581213,0
707,9.857006690786402,2.7292623436370347,7.396368481276609,1
708,8.878171372268648,3.2555294451535155,9.243317662945069,1
709,11.82559752114125,4.450544923355175,9.34003625411282,1
710,6.213544314982722,8.300627044062455,11.119454986337114,2
711,6.03072410218723,9.373786996505014,10.6719152335962,2
712,8.587151920759919,1.1167259439635675,5.895556490596202,0
713,8.60812120589557,1.9321738304660911,6.728426112759377,0
714,10.600901044406244,5.532007317352706,7.1678836901675895,1
715,10.767256500806775,4.6862378865384,7.631769323882599,1
716,5.38130610095126,10.57564255419196,9.92305295754153,2
717,9.219653996251386,4.395665012554164,9.020390221591157,1
718,10.3334920023635,4.060843438732438,10.817715110924455,1
719,4.694632335304908,9.19424683847427,10.209989817742192,2
720,9.304723490643392,2.133507858019263,5.215957722105804,0
721,7.654616584844378,2.3503227434480447,7.224210014597811,1
722,3.9895144436037504,9.350334863884758,10.000329364760672,2
723,4.598216302813386,10.027018859789491,10.554079971997105,2
724,5.1132239013497305,9.187177623794163,9.253854223265725,2
725,6.619559375381018,9.423338434927642,10.686851855329753,2
726,9.570638089488416,2.1730916492193404,5.793422030962272,0
727,9.644678400878592,4.608746985205548,7.0876165463126215,1
728,8.020190312709737,10.000776627266534,8.73762142163932,2
729,8.61300668746679,3.1181557388873262,5.099834865392924,0
730,4.989240218873441,8.968502195269167,12.222059014364827,2
731,8.43482047760001,2.094883502750897,7.828077047842951,1
732,10.229028180901029,2.9691199316189287,6.427898771456383,0
733,5.88183290586562,8.533953299779812,9.318388926466826,2
734,4.411598613948001,7.187172644787388,10.066381043897469,2
735,9.721685640398722,2.029161515311752,6.023229260220402,0
736,9.62534577921165,1.2781717334524054,7.494837920377273,0
737,10.823774262965632,1.4993384308798503,5.256070068633107,0
738,8.978398867834741,2.6652130721184264,7.978650382606699,1
739,9.837978423250007,2.889211803598643,8.135048538524728,0
740,9.327873389291254,3.854664120994432,7.743422851170379,1
741,3.7165362247950657,9.039695962348242,9.779493384857496,2
742,9.599826892410697,3.552281930567943,8.498643111746329,1
743,4.63751571005444,7.865658396045299,9.186898770796123,2
744,9.896146035832428,2.6170035892206243,5.497200185743772,0
745,9.179804410012892,3.41408180797675,9.365166521883324,1
746,9.486382006475376,2.1124571685053133,4.1988971197818685,0
747,8.997795353352664,1.6122408419080947,6.05259514471389,0
748,8.336965494826,0.94108499117432,5.5316198814393935,0
749,5.3316276695029785,10.20175857073172,11.069062536204122,2
750,6.194628242077968,10.704682050162344,11.843455504930704,2
751,10.305904629390596,2.9153765652395967,5.858102785099767,0
752,5.376698907190827,11.57683993640879,10.291541708851422,2
753,6.737065345838301,9.414893610408374,9.669088124593332,2
754,10.235868821910133,5.176662292816618,6.0487216077099735,1
755,10.461392689995208,3.657403738897541,7.87106904786243,1
756,10.130685558897149,3.9786196203925335,8.150277162963876,1
757,9.44066404938286,3.548696698194233,8.838286547338486,1
758,5.183966464605193,9.540092737571408,11.2211458768601,2
759,7.992000824994024,4.513850571410048,8.166850145447338,1
760,6.823089023451384,9.317129749779143,9.957721769391764,2
761,10.697065466438008,5.4396687961757335,7.979981411947735,1
762,5.572190484437562,10.070368224288591,9.990951251455629,2
763,7.318981723974685,2.722523993863041,7.608353470380736,1
764,5.467364081403275,8.91171096189781,11.477322557952366,2
765,9.484691470407087,2.650108923740058,6.68627402991787,1
766,6.936324119901105,4.362616447884219,6.749814733190643,1
767,9.367760641471731,3.717806465372192,8.008049462333544,1
768,9.654861870579918,2.998662176510493,8.946115620110524,1
769,6.042883968376159,11.24583911691,7.869274764510264,2
770,9.866326410357203,3.3300250599264936,6.69934490101271,0
771,9.01890258005806,5.233142553158718,7.719457854474454,1
772,12.141744084870831,-0.7887712697121618,4.505981114709888,0
773,9.318116716094458,0.5694031268579389,7.333629754942833,0
774,10.940384060188247,2.0551332969843625,6.948093242333496,0
775,6.387353859217961,9.686759626717004,10.62458541685454,2
776,4.979841272409658,9.798829391207937,8.679719722194562,2
777,5.54736166742113,8.716745303652562,9.444623605907395,2
778,7.434414151544168,3.9567706305349537,9.643378355250215,1
779,10.1827915262748,3.68203514439053,7.631699312861343,1
780,10.620674548208262,3.10998220243029,7.49938530677136,0
781,4.174987004088141,9.864055978908988,8.923524973843215,2
782,9.708730752885138,3.144443399013974,8.006338997518984,1
783,4.641626992221837,10.014529939743758,10.50388025096693,2
784,8.196962145918208,3.74867375169468,8.826102981505391,1
785,10.030294905501998,4.874121038656447,9.32989131328663,1
786,9.816812077428615,1.2830922053931737,6.457336483870355,0
787,4.25407725602337,9.002282690748828,11.030765799019006,2
788,6.016006014959164,1.2073948475516931,6.4842770847010405,0
789,10.545507478929428,4.124356126765447,9.55684686487671,1
790,8.665622800311523,4.678988657004597,6.724477553161936,1
791,9.246287982025624,3.088456415519801,7.091403872313576,1
792,8.463704578544512,2.830208880947924,5.377934233868478,0
793,11.36085709090477,2.308320038791461,7.595457961329997,0
794,9.519509555165564,1.8283974221839263,6.290124945772035,0
795,7.208463051214915,8.809737140484843,8.548565210064968,2
796,8.794965086417564,5.033281072002336,7.993334763027342,1
797,10.416311206054194,2.5402874562023445,4.128545889819652,0
798,6.304281906192528,11.384449118565044,9.820892252058504,2
799,6.55381303621655,9.577955662958468,10.568829204497062,2
800,4.736791754922095,7.999593027892368,9.68437491278397,2
801,9.613487100290008,2.733740266682516,4.632577999770771,0
802,9.579294241960122,2.7948691775462486,5.444417785637889,0
803,9.234813251572106,2.9096501678526883,8.397389282923985,1
804,9.987651996972218,6.857958039916577,9.71277313786069,1
805,9.351720761289894,4.38140484320486,7.054125268879724,1
806,5.379919050179265,9.40990734674974,11.009987356919236,2
807,10.226259200519412,1.021356153000653,5.878110393461874,0
808,5.868892432262481,9.22049191615668,10.357033860662268,2
809,9.114610913865054,4.277119038610448,7.191537381997962,1
810,5.26399867643931,10.070573449383426,11.088826791485184,2
811,4.532794371379878,9.877266520442246,10.604067838076206,2
812,9.849848608398084,5.105465687905857,8.492583613616667,1
813,2.468387300444292,9.538500456224677,8.858787249459299,2
814,6.263043918669176,8.715019251245577,10.620386202405722,2
815,9.808423833290126,2.620884305237212,10.71530099519648,1
816,11.798403781707629,1.9537632640142928,4.931401467172417,0
817,8.778783363240578,4.017000986076979,8.243690706207124,1
818,8.58215915711436,2.3462706101820183,6.839563869161077,0
819,10.846330040910374,6.601165623325635,10.140224768103725,1
820,9.771213135321032,4.766470677024849,8.780959326002556,1
821,10.304705637859758,3.125498657997492,5.860819658384726,0
822,9.772573332402017,2.895071351857263,4.845747919006968,0
823,10.05695053680076,3.0195164705290463,6.488659062534451,0
824,11.257699191934709,1.5376854196610066,7.048729832739101,0
825,10.130873752584916,-0.4060694539645426,6.33531479350845,0
826,10.338440660715984,1.1796409144467197,7.051398108625557,0
827,4.626838751436935,9.255625847924504,8.215934322797082,2
828,12.80259910282822,2.965715872076876,7.05629437309473,0
829,11.005709383938417,3.4964826832979083,7.760761309651557,1
830,9.85125745047906,0.8645551170717891,5.986750685600581,0
831,4.87326458005193,9.85513183509876,9.685875128646108,2
832,8.262319307255574,3.280701016564864,8.142876214436425,1
833,11.681012453771755,1.7878499086012587,5.442830204939553,0
834,5.09581108555353,8.817234346053123,11.096499120433382,2
835,7.793460504188227,4.348886440639958,5.905777226023574,1
836,5.849527847232685,8.195330992792444,10.921646435142693,2
837,7.20639046434555,3.5312218685692347,8.178856388775591,1
838,8.569865475608273,4.026914060894726,7.909446810454668,1
839,4.285241146973868,8.966664261526272,9.115528455684016,2
840,8.570237264890883,0.5811766911289749,6.306258564684149,0
841,8.136700440335765,3.0597818350026604,8.4651286774393,1
842,10.480355485055224,3.66129459378696,9.663993249126126,1
843,10.84477584757709,2.2339500144695656,5.996613953399439,0
844,10.686808493910611,1.2640762513236383,7.486602130007771,1
845,10.438756483416531,3.6418544012545455,5.006551926513301,0
846,4.494097617851156,9.407669415354276,9.357116103532617,2
847,10.011418864367798,0.5035593890188319,6.572658338235794,0
848,5.136358595659775,11.102643832674287,9.505492944581476,2
849,9.808381372364131,2.8870358701094228,7.208445112843496,0
850,8.540119485736971,4.578657330882819,8.546373911865754,1
851,4.299457499138834,10.922428316431889,10.451692580153724,2
852,10.9076449108365,1.169675142124894,6.772510873603575,0
853,11.64042196412266,2.255530853275757,6.7795853455004815,0
854,6.333229634400835,8.668633994669502,10.483385606017888,2
855,5.394890727220726,8.49364091700901,7.985959757283394,2
856,8.481707564523726,3.931784809662548,7.268869739890803,1
857,5.26481600494553,9.520087760053196,10.046291955613668,2
858,11.179519029354408,3.7346346030208135,8.820768046816397,1
859,10.432766848672612,2.8981317583580304,6.795061077686112,0
860,9.39120595358264,1.6758370655597938,5.259274269100288,0
861,5.161995039826343,10.69455004473094,10.200637739104277,2
862,10.312590464626036,3.77723854279439,6.8116119078155,1
863,11.368962267473766,4.1978990512306735,7.500088902576008,1
864,10.486256506975444,3.585521067168911,7.249984413974989,1
865,9.20376367709586,1.664782211842082,5.704076008363533,0
866,9.632235976735307,2.9029233255654683,7.769038046299911,1
867,9.303577462536143,2.937241076471373,7.105655519573845,1
868,9.213300237654236,3.356528741609929,8.344071728974585,1
869,9.27532997686723,0.8558006804741141,4.158296748602341,0
870,3.5715830217560343,8.907689111685128,8.803565180864984,2
871,10.25129022287028,4.686047671996333,7.811223223018813,1
872,10.181182337149258,4.395169610095449,8.358163396916831,1
873,9.420585414029748,4.52448559862466,6.1041765687350455,1
874,5.147710678343097,8.48089159678197,8.262324378675332,2
875,9.820362014884694,4.742565371952051,10.692192975381342,1
876,5.1504573515655325,10.722362034958865,11.084851519543436,2
877,9.513203316243318,4.255414085349732,8.041456779128511,1
878,10.859010923919378,2.610022048543708,5.430191344195062,0
879,9.353098076917131,5.225961734284739,9.38065655058199,1
880,11.787456838773874,3.2536459981551578,9.00479543720797,1
881,4.724885745219952,10.117954705038814,10.27684270589458,2
882,9.65651820246699,4.819117793707966,8.577632368718225,1
883,6.033448366764544,9.232198341239132,10.736246869848246,2
884,7.445160739129431,2.4752269893676684,5.59608404771625,0
885,5.481084270626615,9.332448491097532,10.358810894075264,2
886,6.7392756729364205,9.76678289483666,8.865426689669505,2
887,9.941826888143275,2.3953905244409763,5.415636338894348,0
888,10.265221593362796,3.940766362695274,6.072157253522051,1
889,5.982698689972753,9.380395450843707,9.941384296738054,2
890,10.893793194428724,3.189263608905581,5.283099158168289,0
891,9.568855755400891,1.6673015373700264,5.979269554265562,0
892,9.463323620743424,4.620315813688393,6.819542183605446,1
893,7.330920878056577,4.20666856064317,7.681357569017476,1
894,9.32428524735572,3.1305460972601957,9.386360002262332,1
895,10.096827455542543,1.555246435369766,5.600256741132807,0
896,4.611911533814504,9.930187688699004,10.081770326495883,2
897,11.265236500763123,2.1868965830149207,5.782839953411676,0
898,9.82038320351908,3.807600847107628,10.235490585726817,1
899,10.41442801682954,0.1542352877436039,5.651031040364045,0
900,5.2050341787404335,9.577287531589024,11.30868798436346,2
901,9.058647059987312,3.173705072704651,6.734440330228756,0
902,6.407497694694033,8.616872964836253,8.350788785749366,2
903,9.076833957742574,4.852689141820912,8.670131465553835,1
904,10.2378054757212,0.9483760581033344,5.807329302717887,0
905,9.47390184358654,4.720315484912219,6.538524283934597,1
906,9.230688007507236,1.4642494320064152,4.422600875538835,0
907,8.472862671237632,3.37537474364419,7.2871658690748,1
908,9.03659279583592,5.6262556821655805,6.904903931367628,1
909,9.637105033930675,3.992641167270073,8.597331014973188,1
910,11.365181922394198,3.980374907015813,9.559649245853024,1
911,7.779135182663848,8.885186780986931,9.429562174348746,2
912,9.60568842699809,2.8406202516000354,5.045280618620963,0
913,7.399480056721707,10.683805467500733,9.64942697063883,2
914,8.577527989367315,1.9244401384671557,5.236035140281089,0
915,10.737991723467978,1.954216897698308,3.4148084531337584,0
916,7.991670608880716,4.186260361365662,8.428442381217284,1
917,10.289458991824688,2.2696899709279856,6.351553195223294,0
918,9.7950612706414,2.9098281131703425,6.244812416148658,0
919,9.276753729809842,0.8815164747255788,4.525321644745156,0
920,10.834078254721454,1.830913348926152,5.937207253119571,0
921,8.012814886242204,11.49687640976378,10.981662766963542,2
922,9.235251101251938,4.304637734045541,7.861409522884338,1
923,5.215144932874795,8.041484226103357,8.998706943826857,2
924,10.520374032453548,1.9120752330993127,5.314548564592891,0
925,9.9113785074011,1.4015812841691884,6.330044051453423,0
926,9.60633979971739,4.079580897431428,10.536588654358336,1
927,8.731926692713225,2.0674098290532488,6.532172354834232,0
928,8.837607051312729,1.0763326089341885,4.981653291343586,0
929,9.061646723099878,1.6217432848591753,5.073119116152934,0
930,5.603927320808916,9.641251509051736,9.71369561461697,2
931,9.241946614273402,2.3795739319084688,6.122420592719661,0
932,4.722427227433783,10.892093118786145,9.008147218412224,2
933,4.384483926935906,10.25935630891932,10.445537349251714,2
934,4.452658927694841,10.639404310764006,9.415093186476206,2
935,11.18399373225166,4.2268010285750925,9.697825795362617,1
936,10.997350126844108,4.239978258818868,7.693183521528335,1
937,9.908278202611402,3.478533433551463,8.873445021288948,1
938,9.796356793100596,3.555818030486969,7.563122700148262,1
939,9.795784525278068,3.621469953036859,8.02635699256379,1
940,5.494844999214161,10.529664166242494,10.80511004126148,2
941,10.088434865557296,1.88667747307313,4.477160144403654,0
942,11.29155215928356,2.524301206822697,7.0887954045648165,0
943,3.606548000978906,9.686357172101207,9.005922858077513,2
944,9.885101817921642,2.436090230145381,4.858492623376891,0
945,9.887553717219223,2.3877401746145104,6.081958131958754,0
946,8.978764123438634,2.283738470215809,4.707760286482707,0
947,8.58813871223618,3.5800251758784287,7.760010618254095,1
948,9.78462965716371,3.999562134201073,7.101578382385082,1
949,10.801701089952362,3.2533737592151275,8.145472156520148,1
950,9.60104389011314,3.500321016404755,6.395166557023012,0
951,10.34717784516997,1.2000617608696915,5.958815770850874,0
952,9.487025936320771,3.448485095938121,6.243094276803149,0
953,4.3095714118620805,9.61194214499928,8.147367852658338,2
954,8.806337959296956,3.258249092606142,7.071632836905609,1
955,8.641074106222593,0.7133827400548369,6.990603264815951,0
956,5.546230058961233,10.547851656721518,11.266776191916282,2
957,6.322031257170599,8.071184924574995,10.214926487411958,2
958,9.20244440750147,3.940973413747254,8.320113113093216,1
959,8.279668285168599,1.889139356074566,6.0259850290087735,0
960,9.381151659957377,0.5894743642499147,6.164312702006852,0
961,8.42196674665821,5.397434494138755,8.840459965831714,1
962,9.932520857518748,1.830990163564748,6.188386279793299,0
963,9.013738072673853,3.5278621579811773,5.892972528306252,0
964,9.589876367540324,2.2547418296113992,7.722569519768133,1
965,10.443405944551335,2.2454315789650408,6.652303697533618,0
966,8.951350691243807,5.259295284860219,7.535150544018719,1
967,8.21172613000154,9.228347321514615,9.93541293799181,2
968,10.914441002129797,4.682943150286221,8.892197861199252,1
969,6.691580459358447,9.561496296073438,11.275899991179294,2
970,11.491932054088643,3.080141167181555,5.67129680893333,0
971,4.941525699682258,10.21796084536726,11.17441170026964,2
972,10.49409730302196,4.377158861114807,7.886189682560342,1
973,8.87605542651028,3.5441181809281845,5.723196811685883,1
974,9.610251991112673,3.5231361567830035,8.361307229402717,1
975,8.047158985871466,3.2637301604626368,6.356870399123742,1
976,9.715696639724412,1.3708075974523035,5.286132000861937,0
977,10.96851087887255,1.3273658788021223,3.548786721721607,0
978,9.606793497321569,4.360458235020706,7.812271770989029,1
979,9.137532179564216,4.000602899542479,8.739367282382098,1
980,9.112061702809404,4.116592043306139,7.31822031852948,1
981,9.434242873349962,1.7944267003657004,7.213816267639752,0
982,8.563262816794644,3.1589654794850555,6.28024387040316,0
983,10.256151914388749,5.923701704968428,6.933330463476122,1
984,7.984384411695578,6.0083881722977255,7.988447270488922,1
985,6.52683915224456,9.915445295433006,10.200070821163807,2
986,11.172228243066211,1.9448487446336504,6.711004016838657,0
987,9.572367867671286,2.483583077105859,9.142859206095498,1
988,5.844655237407199,10.736099970584055,9.571074190303277,2
989,6.197003549639626,9.67069233328953,9.799906939140714,2
990,6.943202459184513,8.249788420986883,9.872138813575916,2
991,9.323631279691767,4.37963989140056,8.881626129130584,1
992,4.478178509848024,11.52495846268228,8.815999838896289,2
993,8.655899085407606,4.163700740461869,7.433428459997968,1
994,8.368123717702947,5.033071878957148,8.745137664807729,1
995,9.301941718632833,2.95873577400544,8.575433553247567,1
996,10.456722042986174,3.106823198256807,9.211472139208462,1
997,8.605674703147706,4.256837368045091,7.405453477796055,1
998,5.503011796488808,9.230226146078856,10.471180796658896,2
999,9.362272741703096,4.024016837120858,7.618577069757049,1
