0,Music,Slow songs or fast songs,Dance,Folk,Country,Classical music,Musical,Pop,Rock,Metal or Hardrock,Punk,"Hiphop, Rap","Reggae, Ska","Swing, Jazz",Rock n roll,Alternative,Latino,"Techno, Trance",Opera,Movies,Horror,Thriller,Comedy,Romantic,Sci-fi,War,Fantasy/Fairy tales,Animated,Documentary,Western,Action,History,Psychology,Politics,Mathematics,Physics
1,5,3,2,1,2,2,1,5,5,1,1,1,1,1,3,1,1,1,1,5,4,2,5,4,4,1,5,5,3,1,2,1,5,1,3,3
2,4,4,2,1,1,1,2,3,5,4,4,1,3,1,4,4,2,1,1,5,2,2,4,3,4,1,3,5,4,1,4,1,3,4,5,2
3,5,5,2,2,3,4,5,3,5,3,4,1,4,3,5,5,5,1,3,5,3,4,4,2,4,2,5,5,2,2,1,1,2,1,5,2
4,5,3,2,1,1,1,1,2,2,1,4,2,2,1,2,5,1,2,1,5,4,4,3,3,4,3,1,2,5,1,2,4,4,5,4,1
5,5,3,4,3,2,4,3,5,3,1,2,5,3,2,1,2,4,2,2,5,4,4,5,2,3,3,4,4,3,1,4,3,2,3,2,2
6,5,3,2,3,2,3,3,2,5,5,3,4,3,4,4,5,3,1,3,5,5,5,5,2,3,3,4,3,3,2,4,5,3,4,2,3
7,5,5,5,3,1,2,2,5,3,1,1,3,1,1,2,3,3,5,2,4,2,1,5,3,1,3,5,5,3,1,2,3,3,1,1,1
8,5,3,3,2,1,2,2,4,5,1,2,3,2,2,3,1,2,3,2,5,4,4,5,2,3,3,4,4,3,1,3,5,2,3,1,1
9,5,3,3,1,1,2,4,3,5,5,1,1,2,2,2,,1,1,1,5,1,5,5,4,4,5,4,4,5,1,1,3,2,1,1,1
10,5,3,2,5,2,2,5,3,5,2,3,2,4,4,4,4,5,1,2,5,2,1,5,5,1,3,4,4,4,1,2,3,2,3,3,1
11,5,3,3,2,1,2,3,4,3,2,1,3,2,2,3,3,3,4,2,5,5,4,5,3,3,2,5,5,3,1,3,3,3,3,2,1
12,5,3,1,1,1,4,1,2,5,1,1,1,1,2,2,5,2,1,2,5,3,4,4,3,2,5,5,5,5,1,4,2,2,5,1,1
13,5,3,1,2,1,4,3,3,5,4,2,3,1,1,4,3,2,1,2,5,1,5,4,3,1,4,5,3,3,1,1,4,4,4,1,1
14,5,3,5,3,2,1,5,5,2,1,1,2,1,3,2,1,3,1,1,5,3,2,5,5,2,1,5,4,2,1,3,2,2,1,1,1
15,5,3,2,1,1,2,3,4,5,2,5,3,4,4,4,4,1,1,1,4,1,3,5,4,1,1,5,5,3,1,4,2,5,1,1,1
16,1,3,2,2,3,4,3,3,5,5,5,2,4,2,3,3,2,1,2,5,5,5,5,3,3,5,4,4,5,2,4,5,5,3,3,3
17,5,3,3,1,1,1,2,4,4,1,3,2,3,2,3,1,1,4,1,5,3,3,5,3,2,2,2,2,4,1,2,1,1,1,1,1
18,5,3,3,3,3,2,2,4,4,2,3,3,4,3,3,1,2,1,3,5,4,2,5,5,5,2,4,4,5,1,3,3,2,2,1,3
19,5,3,5,4,3,4,5,5,4,4,3,4,4,4,4,4,4,4,3,5,2,4,5,4,5,5,4,4,5,5,5,3,5,3,5,5
20,5,4,3,3,2,4,2,2,4,5,2,1,4,5,4,3,4,3,2,3,1,4,4,2,3,5,4,4,5,2,5,2,3,3,3,2
21,5,3,3,2,3,4,3,2,5,5,4,4,3,5,4,5,3,3,4,5,5,5,5,3,3,4,3,3,3,2,4,5,3,4,2,3
22,5,5,1,1,3,2,2,2,5,5,4,1,2,1,4,3,2,1,2,5,5,5,5,2,5,3,3,4,5,2,5,4,4,4,3,1
23,5,3,3,2,3,3,3,4,,1,2,2,1,1,3,2,3,3,2,5,2,3,5,4,4,2,4,5,5,3,3,3,4,2,1,1
24,5,3,4,2,2,2,4,4,5,2,3,3,3,3,3,1,4,1,1,5,2,4,5,5,4,3,5,5,3,2,2,2,2,3,2,3
25,5,2,3,1,1,4,3,3,5,5,5,1,1,1,2,3,2,3,4,5,4,2,5,5,2,2,2,2,3,1,4,4,5,5,2,1
26,5,3,4,2,1,2,3,5,1,1,1,3,1,2,1,1,4,2,1,5,1,2,5,5,1,1,4,3,3,1,1,2,2,1,3,1
27,5,5,5,5,4,5,3,4,4,3,2,2,1,3,5,3,5,2,2,5,3,2,5,4,2,5,5,5,5,2,1,3,3,1,2,3
28,4,5,3,4,1,3,2,2,4,2,4,2,4,2,3,4,3,4,2,5,2,4,3,4,5,3,2,4,5,2,5,2,2,3,1,3
29,5,3,5,1,1,1,1,3,4,1,3,5,2,1,4,3,2,3,1,5,3,3,5,3,1,5,4,4,3,4,4,5,1,1,1,2
30,5,4,3,4,2,3,3,3,4,1,3,3,4,3,4,3,4,3,2,5,3,2,5,5,2,4,5,5,4,2,2,5,4,2,2,2
31,4,3,4,3,3,3,3,4,4,2,2,4,3,4,3,3,3,3,3,5,2,5,4,3,4,4,3,3,4,3,5,2,3,3,1,1
32,4,3,4,1,3,2,3,5,3,1,1,3,3,2,1,1,5,1,2,4,1,1,5,5,2,2,5,5,4,1,1,4,4,2,2,2
33,5,5,3,1,3,2,3,3,4,3,4,4,2,2,4,4,2,3,1,5,5,5,5,5,2,3,5,5,3,2,4,4,5,3,1,1
34,5,4,2,2,3,4,5,4,3,1,1,1,3,4,4,3,2,1,5,4,3,4,4,3,1,3,5,4,5,2,3,5,3,5,2,1
35,5,4,3,2,1,3,4,4,5,3,4,2,3,3,4,4,2,1,1,5,2,3,5,4,4,2,2,5,3,1,5,4,5,4,3,1
36,5,3,3,3,1,4,5,5,3,1,1,4,3,1,3,3,5,1,1,5,1,2,5,5,3,4,1,1,1,1,5,1,1,1,1,1
37,5,3,1,3,2,3,4,4,4,1,1,1,1,1,1,1,1,1,4,5,3,5,4,4,4,4,5,5,3,1,5,4,5,3,3,3
38,5,5,1,1,1,5,1,2,3,5,2,1,2,2,2,1,1,1,1,4,3,2,5,2,3,4,2,2,4,3,4,3,3,5,3,3
39,5,5,5,3,1,5,2,5,4,1,2,4,5,2,2,1,3,4,4,5,1,4,5,5,3,3,5,5,5,2,5,3,4,4,3,2
40,5,3,3,3,2,2,3,5,5,4,4,1,2,1,5,2,1,2,2,4,5,5,5,5,3,4,5,5,4,2,3,4,1,1,1,1
41,4,3,4,1,1,1,1,5,1,1,1,3,2,1,1,1,2,3,1,5,1,5,5,3,2,1,2,2,4,1,5,2,1,1,2,1
42,5,4,5,5,5,5,1,1,4,5,1,5,5,5,5,5,5,5,1,3,1,5,5,1,5,5,1,1,5,5,5,5,4,5,5,5
43,5,5,2,2,2,3,4,5,5,4,4,3,3,3,3,4,3,3,1,5,4,4,5,5,5,3,5,5,4,3,5,2,5,1,5,1
44,5,4,3,1,1,2,2,5,4,1,2,3,2,2,2,4,3,3,1,5,1,1,5,4,3,2,5,5,3,1,4,2,4,2,1,1
45,4,4,4,2,1,3,3,4,4,1,1,3,1,3,3,4,5,4,3,5,3,4,5,4,3,1,5,4,4,1,3,4,5,5,3,4
46,5,4,5,2,2,4,3,5,4,1,2,3,3,3,5,1,4,3,4,5,5,4,5,2,4,1,2,1,5,2,2,5,5,5,5,5
47,5,3,4,3,4,1,5,5,5,3,2,5,2,3,5,4,5,2,2,5,5,5,5,3,5,1,3,2,1,1,5,4,3,1,2,2
48,5,3,3,1,1,2,3,4,4,2,2,1,3,3,,4,3,2,3,5,3,3,4,2,2,3,3,5,2,1,5,2,3,1,2,1
49,5,4,3,1,1,1,4,3,2,1,2,5,5,2,2,2,4,2,1,3,2,2,3,2,2,1,2,2,3,1,2,2,4,3,2,2
50,5,4,2,1,2,2,2,3,5,3,5,3,2,2,4,2,1,2,1,5,3,4,5,3,3,3,5,3,1,1,4,2,2,2,1,1
51,4,3,2,4,2,5,5,5,5,2,4,4,4,3,4,4,5,1,2,5,1,5,5,4,2,4,4,4,4,1,5,3,4,1,4,1
52,5,3,3,3,1,4,3,5,4,3,2,2,4,4,4,3,5,3,2,5,2,4,5,5,4,3,5,5,4,3,5,2,4,4,5,5
53,5,3,5,5,5,5,5,5,5,4,2,5,5,5,5,2,5,2,5,5,5,5,5,5,5,5,5,5,5,5,5,5,4,3,3,2
54,5,3,4,4,3,4,5,4,3,2,2,3,3,3,3,3,5,2,5,5,3,3,5,5,1,5,5,3,3,1,5,3,3,4,1,1
55,5,3,5,5,3,5,5,5,5,4,3,3,3,4,4,3,5,4,5,5,5,5,5,5,5,3,5,5,5,2,5,5,3,4,1,4
56,5,3,4,2,2,4,3,4,3,3,2,4,3,3,4,4,4,5,3,5,2,4,3,3,2,3,4,4,3,2,3,4,5,2,2,3
57,5,3,1,2,3,4,3,4,5,1,4,2,3,4,5,5,1,1,4,5,4,2,5,5,3,2,4,4,3,3,3,3,4,4,4,3
58,5,3,3,3,2,3,2,2,5,2,2,2,2,4,5,5,1,1,2,5,4,4,5,3,5,3,5,5,5,2,4,5,5,2,1,1
59,5,5,5,3,2,3,2,5,1,1,1,2,2,1,2,2,3,3,1,5,2,4,5,1,3,2,3,3,5,1,4,3,3,1,3,2
60,5,4,2,1,2,3,1,3,4,3,5,3,3,4,5,5,1,4,3,5,5,3,3,3,4,3,3,2,3,1,3,4,4,5,1,1
61,5,2,2,2,2,4,4,4,4,1,3,2,3,3,4,4,2,1,3,5,1,4,4,4,4,5,3,2,4,3,4,4,5,4,4,4
62,5,3,5,1,2,4,3,4,4,1,2,3,2,3,3,3,4,4,3,5,3,4,5,5,5,3,4,4,2,2,4,3,3,3,3,4
63,5,3,5,4,5,4,4,5,4,5,4,5,4,5,5,5,4,5,5,5,4,5,5,1,5,5,5,5,5,1,5,5,4,4,4,5
64,5,4,,1,3,2,1,2,3,1,,5,4,3,3,1,3,5,1,5,4,5,3,2,4,5,3,3,4,3,4,4,2,3,,2
65,5,3,3,1,1,1,4,4,5,1,3,2,1,2,2,1,3,2,2,5,2,1,5,5,1,3,5,5,2,1,2,1,2,2,1,3
66,4,3,3,1,2,2,1,3,3,3,2,4,2,2,2,1,2,4,2,5,5,5,5,3,5,5,4,4,3,2,5,5,2,3,2,1
67,4,3,4,2,2,2,4,5,3,4,3,3,3,3,2,2,4,5,1,4,3,4,5,3,5,5,5,5,4,3,3,3,2,2,5,5
68,3,4,4,3,2,2,4,5,1,1,1,4,3,4,4,1,5,1,1,5,3,3,5,5,1,2,4,1,2,1,3,2,3,3,4,2
69,5,5,3,2,1,2,4,3,5,5,5,1,5,4,4,3,2,4,2,5,1,2,5,4,4,2,5,5,2,1,3,2,2,3,5,2
70,5,4,1,1,1,1,4,5,4,1,1,1,1,1,2,1,4,1,2,5,1,1,5,5,1,1,3,5,1,1,1,2,2,2,1,1
71,5,3,5,2,2,2,3,5,3,1,1,5,2,3,1,1,2,3,1,5,1,3,5,3,3,3,2,3,2,1,1,2,1,3,1,1
72,4,3,2,3,1,4,1,4,1,1,1,4,4,1,2,3,1,3,1,4,2,3,5,3,1,3,3,4,3,1,5,5,1,5,2,1
73,5,3,2,2,2,2,5,5,5,2,4,4,2,2,3,3,5,1,1,5,4,5,5,5,3,3,5,5,4,2,5,3,2,1,1,1
74,5,3,3,2,2,2,1,5,2,1,2,5,2,2,2,2,4,3,1,5,4,4,5,4,3,5,5,5,3,3,5,4,3,4,1,1
75,5,3,2,1,4,5,3,2,1,1,1,5,4,1,1,1,1,2,4,5,1,1,5,1,4,5,3,1,4,5,5,4,3,5,1,1
76,5,3,3,4,4,3,1,1,5,4,4,3,5,4,5,4,4,1,2,4,2,3,5,2,1,4,1,2,4,4,4,5,5,4,2,1
77,4,4,4,1,1,2,2,2,2,1,,4,1,1,2,1,1,1,1,4,2,2,5,3,3,3,1,2,3,2,4,2,2,5,1,1
78,5,3,5,1,2,2,2,5,4,2,1,4,2,2,2,2,5,5,1,5,1,2,5,3,1,1,5,5,5,2,4,4,2,1,1,1
79,4,4,4,2,4,1,5,5,3,1,1,4,5,5,5,3,5,4,2,5,3,3,5,4,2,3,5,5,5,3,3,2,5,1,3,1
80,5,3,4,4,4,3,4,5,5,2,2,5,3,3,3,3,4,4,4,5,4,4,5,4,5,5,5,5,5,3,4,4,3,5,2,1
81,5,3,4,2,2,2,3,4,5,2,3,4,4,3,4,2,5,3,2,5,5,4,5,4,3,4,5,5,4,2,3,5,4,4,1,2
82,5,4,4,1,2,3,3,5,4,2,3,4,4,3,4,3,5,3,3,5,4,3,5,3,5,3,5,4,4,3,5,3,2,1,1,2
83,5,5,1,3,1,3,2,1,5,5,4,1,1,2,2,5,1,1,3,5,1,2,3,2,4,3,5,5,5,3,4,4,5,1,1,1
84,5,3,5,1,2,4,4,5,5,3,1,3,2,4,3,1,5,5,3,5,3,5,5,5,1,1,5,5,5,1,5,,2,1,1,1
85,5,3,1,1,4,5,5,1,5,5,5,4,4,5,5,4,3,1,5,5,5,5,4,1,5,5,3,5,5,5,5,5,5,4,1,1
86,5,2,3,3,5,5,3,3,4,4,1,1,1,2,3,3,2,4,3,5,3,3,5,4,3,5,5,5,3,3,3,4,3,1,5,5
87,4,3,4,3,3,3,2,4,5,3,3,4,3,3,3,3,2,3,3,5,2,4,4,1,4,4,3,4,4,3,5,5,5,5,4,4
88,5,4,4,1,2,2,4,4,5,2,4,3,5,3,4,4,5,2,1,5,1,5,5,4,1,5,3,2,4,2,3,5,4,5,,1
89,5,5,5,1,1,5,2,5,5,1,1,1,1,5,5,4,5,5,1,5,5,5,5,2,2,1,3,3,4,1,5,5,1,5,1,1
90,5,3,3,2,1,4,3,3,5,3,3,1,2,4,4,4,2,1,3,5,1,4,4,3,2,3,3,3,3,3,3,3,3,3,1,1
91,4,2,3,2,1,3,4,3,4,1,3,1,3,1,2,3,1,1,1,4,2,2,5,4,2,2,5,5,3,1,5,1,1,1,1,1
92,5,5,1,5,1,,5,3,5,5,5,1,5,1,3,1,1,1,1,5,4,4,5,5,3,1,5,5,1,1,3,1,1,1,1,1
93,5,2,1,3,4,4,4,2,3,1,2,1,3,5,4,3,3,1,4,5,1,3,3,4,3,2,4,4,5,3,3,4,3,2,3,3
94,5,4,1,5,5,4,4,4,3,3,3,1,1,5,4,1,1,1,4,4,4,3,3,1,4,3,3,4,3,3,1,2,3,1,4,4
95,5,5,5,1,1,1,2,4,3,1,3,5,2,1,3,3,1,4,1,5,5,5,5,1,4,2,2,3,3,1,5,3,2,1,1,1
96,5,3,3,2,2,4,3,3,3,1,2,5,5,4,4,2,3,2,2,5,3,3,5,3,5,5,4,4,3,1,5,4,4,4,1,2
97,5,3,1,1,1,1,1,2,4,5,4,3,1,1,1,4,1,4,1,2,1,1,5,1,5,5,5,5,1,1,2,1,1,1,1,1
98,5,3,2,1,1,1,1,2,1,1,1,5,2,2,1,1,1,2,1,5,2,3,5,3,5,5,3,5,5,3,5,3,2,2,4,1
99,3,5,5,1,1,1,1,3,5,2,1,1,3,2,2,5,5,3,1,3,3,3,2,2,5,5,1,3,5,3,5,1,1,1,1,2
100,5,3,4,1,1,2,2,4,2,1,3,2,4,1,2,1,4,1,1,3,2,1,5,4,2,1,4,3,5,1,3,3,4,1,5,5
101,5,4,4,3,2,4,5,4,5,3,2,4,4,3,3,2,3,2,2,5,2,2,5,5,3,2,5,5,3,2,3,3,1,2,2,3
102,5,3,1,3,2,3,1,2,4,5,4,1,4,3,3,3,1,1,2,4,1,4,5,3,4,5,4,5,5,4,5,5,1,4,1,1
103,5,3,1,2,3,5,4,1,5,2,5,1,4,5,5,5,2,1,4,5,4,5,5,4,5,4,5,5,5,2,5,5,5,5,4,4
104,5,5,5,2,2,,4,5,1,1,1,5,5,4,3,2,5,4,4,5,1,5,5,5,4,4,2,5,5,4,4,5,4,4,2,2
105,4,4,3,3,2,4,2,2,4,4,3,3,3,4,4,4,3,3,2,4,4,4,4,2,3,5,4,4,5,3,4,5,4,5,2,2
106,5,5,1,3,1,3,2,2,4,5,1,1,2,3,1,1,1,1,2,4,1,2,4,3,1,4,4,5,5,3,3,4,2,2,1,1
107,5,3,4,4,5,5,3,4,5,1,2,4,4,4,5,3,5,3,4,5,2,3,5,5,5,5,5,5,4,3,4,4,4,3,3,1
108,5,3,1,1,1,2,2,2,4,4,1,1,3,4,2,4,2,1,,3,1,1,4,2,2,3,3,3,2,1,1,1,2,4,1,3
109,4,3,2,2,1,4,1,2,4,4,3,2,1,1,2,3,2,2,3,5,3,5,5,4,3,2,4,4,3,1,5,1,3,2,3,2
110,5,2,2,2,4,4,2,3,5,5,3,2,2,2,3,1,3,1,4,5,1,4,4,2,5,5,3,3,4,3,5,3,3,4,2,2
111,5,4,4,5,2,3,1,4,4,1,1,1,4,5,4,4,4,4,1,4,1,2,5,3,4,5,4,3,4,5,4,3,4,1,2,3
112,5,3,4,3,2,5,3,3,4,2,2,3,3,4,4,5,2,4,4,4,1,2,4,4,2,2,5,4,4,2,4,3,4,1,1,1
113,5,3,4,2,2,4,3,3,3,2,2,1,3,4,2,3,5,4,1,5,1,3,4,4,3,1,4,4,4,1,2,2,3,1,2,1
114,3,4,4,2,3,1,2,4,4,2,1,,1,1,2,2,2,5,1,4,3,3,5,5,1,1,5,5,5,2,3,2,2,1,1,2
115,5,3,2,1,1,3,4,4,4,1,3,2,2,2,3,3,1,1,4,5,1,4,4,3,2,2,5,5,3,2,4,5,3,1,1,1
116,5,4,5,2,2,5,4,5,5,2,2,3,3,3,2,3,5,3,2,5,5,5,5,3,3,,3,5,3,1,5,2,5,3,1,3
117,5,3,2,2,2,2,1,3,5,1,2,1,1,2,4,5,2,1,1,4,1,2,5,5,3,3,5,5,3,1,2,2,4,2,1,2
118,5,3,2,2,1,1,3,5,3,2,1,1,1,1,2,1,4,1,1,4,1,2,4,5,2,2,4,2,4,1,4,2,2,2,5,2
119,5,3,1,2,2,4,1,3,4,2,4,2,4,4,4,4,2,1,1,5,3,2,3,2,2,3,2,2,3,3,2,3,2,4,4,2
120,4,2,4,2,1,3,2,4,2,2,1,2,2,2,2,1,2,3,2,3,2,3,4,3,1,2,3,3,2,1,2,4,4,2,4,2
121,5,5,4,1,2,4,4,2,5,5,2,1,3,5,5,3,4,3,2,3,1,3,5,4,2,5,4,4,5,3,5,5,3,4,5,5
122,4,3,2,3,4,2,1,4,4,2,2,4,2,2,4,1,1,3,1,4,4,4,4,3,3,4,3,4,1,3,4,1,3,3,4,3
123,5,3,3,2,2,5,3,1,5,2,4,1,3,4,4,5,3,1,3,4,4,4,3,2,2,2,4,4,5,2,5,5,2,1,1,1
124,5,3,3,3,3,3,4,3,5,3,1,3,1,5,5,3,3,1,3,3,1,4,4,2,1,1,2,4,5,1,4,2,3,1,1,3
125,4,4,1,4,,5,5,3,5,3,3,1,2,4,5,2,3,1,3,4,5,5,5,4,5,5,5,5,5,5,4,4,4,4,1,3
126,5,3,3,3,2,3,2,2,4,3,3,2,4,5,3,4,3,2,2,5,2,3,5,4,4,3,4,4,3,2,2,4,4,4,2,2
127,3,5,4,1,1,3,1,4,4,1,4,4,1,1,1,2,1,1,1,3,1,2,4,4,1,1,5,5,3,1,4,5,2,2,2,1
128,4,3,3,3,4,4,3,4,4,3,3,3,4,3,4,4,2,3,3,5,2,4,4,3,4,4,3,3,4,2,4,4,4,4,3,2
129,5,5,5,1,5,5,5,5,5,5,1,2,3,1,5,5,5,5,2,5,1,4,3,5,5,5,2,5,2,1,1,4,5,3,3,5
130,5,4,5,3,1,2,2,4,5,2,2,2,3,4,3,4,3,1,1,5,1,1,4,5,2,2,5,5,5,2,2,4,3,2,1,1
131,4,2,2,1,1,4,2,2,5,3,3,1,2,2,3,1,3,3,2,5,4,5,4,2,3,4,2,3,,1,2,5,3,5,2,1
132,5,4,3,1,1,2,2,4,2,1,2,5,2,1,1,1,1,3,1,5,3,5,2,1,4,3,3,3,3,4,5,1,3,4,1,1
133,5,4,3,1,1,1,1,4,4,1,5,2,4,3,2,2,2,1,1,5,4,4,5,5,5,4,2,5,4,1,3,1,5,2,4,1
134,5,3,2,4,1,4,2,1,3,1,1,1,2,5,1,1,3,1,3,5,1,1,2,2,1,4,5,4,5,1,4,4,1,1,1,1
135,5,3,4,3,3,3,3,3,3,1,1,4,4,4,4,4,4,4,2,5,5,3,5,5,5,3,5,5,5,3,4,3,3,3,1,2
136,5,3,2,1,3,5,1,3,5,4,4,3,5,4,4,5,1,1,3,4,3,5,5,2,4,5,3,3,5,2,4,5,2,1,3,2
137,5,3,4,3,2,3,2,4,3,1,1,5,1,1,1,1,1,1,3,5,4,4,5,4,3,5,2,2,4,3,4,4,2,5,2,4
138,5,3,4,3,3,5,5,5,4,2,2,4,3,5,4,3,4,2,2,2,1,3,4,3,1,2,4,5,3,1,3,4,,3,3,3
139,5,3,2,3,3,4,5,2,1,1,1,3,3,4,4,2,3,1,2,5,1,2,5,5,1,3,5,4,4,3,2,2,3,2,1,1
140,5,4,5,3,2,3,3,5,4,1,2,5,3,4,4,1,2,3,2,5,3,3,5,5,2,1,3,4,1,2,3,1,3,1,2,1
141,5,4,3,2,1,2,3,4,4,2,2,2,2,5,3,2,4,3,2,5,1,,5,5,5,5,5,5,5,4,5,5,4,3,2,2
142,3,4,1,3,1,3,1,3,5,5,4,4,3,1,1,5,5,2,1,3,3,1,5,5,1,1,5,5,5,1,1,3,5,1,5,5
143,5,4,4,1,3,2,2,4,4,1,1,3,2,1,1,2,3,2,1,4,1,2,4,4,4,1,3,4,1,1,2,1,2,2,2,1
144,5,4,4,2,1,1,2,4,4,2,3,5,4,1,1,3,3,3,1,,4,2,4,3,3,1,4,5,4,1,2,,4,2,1,1
145,5,2,3,1,2,3,2,,5,1,3,2,2,2,4,3,4,4,2,5,5,2,5,3,5,5,3,4,5,1,4,3,4,1,1,4
146,1,4,4,1,1,2,2,2,4,1,1,1,2,1,1,3,2,3,2,4,2,4,4,4,1,2,2,2,4,1,1,2,4,2,1,
147,5,3,5,2,1,4,1,5,4,3,4,5,1,1,1,1,2,,1,5,3,5,5,4,3,4,2,2,5,2,5,5,3,5,1,1
148,5,4,3,2,3,2,2,3,5,4,3,5,2,2,2,4,2,1,1,5,2,3,3,3,4,3,4,2,4,2,4,4,2,3,5,5
149,4,3,4,4,4,3,3,5,3,2,3,4,3,2,4,3,3,3,2,4,4,4,5,5,4,3,3,3,4,3,4,3,4,3,4,4
150,2,3,1,3,1,3,4,1,2,2,2,3,2,1,1,1,1,1,2,3,2,2,4,2,5,5,4,4,4,2,2,2,3,1,5,5
151,5,2,2,2,3,4,4,3,5,5,3,1,2,4,4,3,1,1,4,5,2,4,4,3,4,2,2,2,3,1,4,2,3,4,3,3
152,5,4,3,1,1,3,2,2,4,4,4,2,5,4,4,4,2,2,1,5,4,4,5,2,2,2,3,3,2,1,4,4,4,4,2,2
153,5,3,5,2,2,3,3,4,4,2,1,4,3,3,4,3,2,2,2,5,5,3,5,3,2,5,2,3,5,2,4,5,5,5,2,1
154,2,5,5,2,2,3,2,4,2,1,2,4,1,4,2,1,3,3,3,3,2,4,5,4,3,3,3,5,4,2,4,5,3,5,1,2
155,5,3,1,2,4,5,1,1,5,4,4,2,2,3,3,3,2,1,3,4,4,4,5,3,2,5,1,1,5,3,4,5,1,5,3,4
156,5,4,4,3,3,5,2,3,3,2,3,3,2,4,3,4,2,2,3,4,5,4,3,3,4,2,3,4,3,1,2,4,5,2,3,2
157,5,4,2,4,3,4,2,3,5,2,5,3,5,2,3,3,2,1,2,5,4,4,4,4,3,3,3,2,3,2,4,5,2,4,1,1
158,5,5,4,4,4,2,2,4,4,4,4,2,2,2,1,2,1,1,2,5,5,5,3,2,4,5,3,3,3,4,4,3,4,3,2,2
159,5,3,4,2,1,3,2,5,4,1,3,4,5,4,3,3,2,5,1,5,4,4,5,5,4,1,5,5,2,1,4,1,2,1,3,2
160,5,3,4,4,3,5,4,4,5,3,3,3,4,3,3,4,3,3,3,5,2,4,4,3,4,4,,4,3,3,4,4,4,4,3,2
161,5,3,3,2,1,2,1,1,5,4,5,3,5,4,4,5,1,3,1,5,5,4,5,3,5,5,4,4,4,1,3,4,3,5,5,4
162,5,3,2,2,2,2,2,4,5,3,3,4,3,2,3,2,2,3,2,5,2,5,5,3,5,2,4,4,3,1,5,2,2,1,1,1
163,4,2,3,5,4,5,2,4,3,1,1,5,4,3,2,1,5,1,3,4,2,2,5,5,3,5,2,1,5,3,2,5,3,3,1,1
164,5,5,3,1,1,2,1,4,3,2,1,1,1,1,1,3,1,5,1,4,5,5,3,3,5,3,2,2,4,1,3,5,5,3,1,1
165,5,4,4,2,1,3,2,4,,1,3,2,2,4,4,5,2,3,2,5,2,5,3,3,2,1,3,,3,1,2,3,3,2,1,1
166,5,4,5,2,4,3,1,4,1,1,1,5,3,3,2,1,5,2,1,5,1,1,5,5,2,5,3,2,4,1,3,3,4,5,2,1
167,5,5,1,2,1,3,1,1,3,5,2,1,1,1,1,2,2,1,5,4,4,4,5,3,3,2,3,4,3,1,4,2,2,2,2,2
168,3,3,3,2,2,,2,3,4,3,4,4,4,3,3,3,3,3,2,3,1,2,5,2,3,1,1,2,5,2,2,3,3,3,1,2
169,5,4,4,1,2,4,3,4,4,1,3,3,3,3,4,2,1,1,1,5,5,5,5,3,3,3,4,4,4,3,4,3,4,4,1,1
170,5,3,2,1,2,4,4,3,5,4,3,1,1,3,3,4,1,1,1,5,3,2,2,1,2,4,3,5,3,2,3,4,2,2,1,1
171,4,3,2,3,2,2,1,3,4,2,2,2,3,5,4,5,4,1,1,3,1,2,5,2,3,5,4,5,4,1,3,5,4,5,5,3
172,5,4,3,1,2,4,3,4,4,1,1,4,3,3,3,2,1,1,1,5,5,5,5,3,3,4,3,4,3,2,4,4,4,4,1,1
173,5,3,2,3,3,4,4,2,5,5,5,2,4,4,4,4,2,1,3,3,3,3,4,2,5,4,3,4,5,3,3,5,4,4,3,3
174,5,3,2,1,2,4,4,3,2,1,1,2,1,2,3,2,1,5,4,5,4,3,5,4,5,3,3,4,5,3,4,3,2,1,4,2
175,5,2,1,5,3,3,3,1,1,1,1,1,1,1,1,1,3,1,5,5,1,5,5,5,5,5,5,1,5,3,5,5,1,3,1,1
176,5,3,1,1,1,5,3,3,5,5,2,3,4,4,4,2,4,2,1,4,2,4,5,5,1,1,4,5,2,1,2,1,5,1,1,1
177,5,3,3,,1,1,1,3,5,5,3,2,4,3,5,4,1,2,1,5,3,2,4,3,4,3,3,4,3,2,4,1,1,1,5,4
178,5,3,1,4,2,4,3,1,5,5,3,1,3,3,3,5,2,1,3,5,3,4,5,5,4,3,4,4,5,3,4,3,3,1,1,1
179,4,3,1,3,3,5,2,2,4,4,3,1,2,2,4,3,2,1,4,3,3,3,3,2,2,2,5,5,4,3,3,4,4,1,3,3
180,4,3,1,2,2,5,2,1,1,2,1,1,1,4,1,1,1,4,5,4,4,4,4,2,4,5,4,5,5,2,4,5,5,3,2,2
181,4,4,2,1,1,3,3,2,5,4,5,2,2,1,4,4,1,1,1,4,5,5,5,1,5,1,1,1,4,1,3,4,5,5,4,3
182,5,3,4,3,3,4,3,3,4,3,3,4,4,5,3,3,5,3,3,4,2,3,4,2,2,3,3,3,3,3,3,4,4,2,2,3
183,5,3,4,3,2,4,4,4,5,4,3,2,4,3,2,3,4,1,5,5,1,4,5,4,3,1,5,5,4,2,4,3,2,3,2,2
184,5,3,3,2,1,2,5,4,3,1,1,5,4,4,3,4,3,4,3,5,,4,4,2,2,5,,3,5,3,5,5,5,5,2,2
185,5,4,2,2,2,3,4,2,5,1,2,1,1,4,5,5,1,1,2,5,3,3,5,2,3,1,3,3,3,2,1,3,3,1,1,1
186,3,3,3,1,1,2,5,3,2,1,1,4,3,3,4,1,5,3,1,5,1,2,5,5,3,3,5,5,3,2,3,2,5,2,5,2
187,4,2,2,4,2,3,3,4,2,1,1,1,1,3,2,2,3,2,4,4,1,2,5,5,2,2,4,1,5,2,2,3,3,3,1,1
188,5,3,1,2,2,2,1,4,3,2,2,1,1,2,1,5,1,5,1,4,2,4,4,1,2,2,2,2,2,1,3,5,3,1,1,1
189,3,3,3,3,2,5,4,3,3,1,1,3,2,2,2,2,2,1,4,2,2,2,2,2,2,5,5,5,5,3,3,4,1,3,1,5
190,5,3,1,3,2,5,3,1,4,5,4,1,1,1,3,2,1,1,4,5,5,5,4,4,4,5,3,3,4,5,4,4,3,2,3,1
191,4,4,2,2,2,4,2,2,4,5,3,2,3,2,3,3,2,2,3,4,3,5,4,4,3,3,4,4,4,2,2,3,3,2,5,3
192,5,3,2,5,2,4,5,5,2,1,1,1,3,4,3,4,3,1,4,4,1,2,4,5,1,1,5,5,4,1,1,3,4,1,1,1
193,5,1,4,1,2,3,3,5,4,1,3,5,2,1,3,2,3,4,1,5,3,3,5,4,3,2,5,5,4,1,2,3,3,2,1,1
194,5,3,1,4,3,5,3,1,5,5,4,1,3,3,5,5,1,1,3,5,3,4,5,5,4,3,3,4,5,1,4,3,3,1,1,3
195,5,4,1,2,1,3,2,2,4,2,4,2,3,1,5,5,1,1,1,5,3,5,4,2,4,4,3,3,2,2,3,2,3,2,1,1
196,5,3,2,2,2,3,2,2,3,1,1,5,3,3,3,3,2,1,2,4,5,5,5,4,3,3,3,2,3,2,4,3,3,2,1,1
197,5,3,2,2,2,2,3,4,4,3,3,4,4,3,3,3,3,3,3,5,1,2,5,5,4,3,5,5,4,3,3,4,4,2,1,1
198,5,3,3,2,3,1,4,2,2,1,1,3,2,2,1,1,3,1,1,5,4,4,5,5,1,3,3,2,1,1,1,2,1,1,1,1
199,5,3,3,4,2,2,2,3,5,3,5,5,4,2,5,2,2,2,2,3,5,3,3,2,3,5,5,5,3,2,3,4,3,2,1,1
200,5,4,4,1,1,1,1,2,3,1,1,4,2,1,1,1,2,4,1,4,1,4,5,2,3,3,3,3,4,2,4,2,2,1,1,2
201,4,3,3,1,2,4,3,4,4,4,3,5,4,3,4,2,2,2,1,5,4,4,5,5,5,5,4,4,5,4,3,3,2,3,1,3
202,5,3,2,4,3,3,3,5,5,,3,5,5,1,5,5,3,2,1,5,3,3,5,5,4,4,5,,5,2,5,4,5,1,1,1
203,5,3,5,1,1,1,1,3,2,1,1,5,3,1,1,1,1,4,1,5,5,3,5,2,5,5,4,4,2,3,5,2,2,2,1,1
204,5,3,4,2,2,3,1,4,5,3,3,3,3,2,2,2,4,3,3,5,3,3,5,5,3,3,5,5,2,2,4,2,2,1,3,2
205,5,3,3,3,2,3,3,2,5,4,4,2,5,4,5,4,3,1,2,5,1,2,4,2,5,1,4,5,4,2,3,1,2,1,4,3
206,5,1,2,4,3,5,5,4,4,3,1,1,1,4,5,3,4,1,5,5,1,1,4,4,3,3,5,4,5,2,1,5,4,1,1,2
207,5,3,5,2,2,5,5,3,4,4,3,1,2,4,4,3,1,1,5,5,5,4,4,1,4,4,2,2,4,4,5,5,3,5,4,4
208,5,3,2,3,3,4,5,3,3,1,4,2,2,3,4,2,4,1,4,5,5,5,5,5,5,5,5,5,5,1,4,5,2,4,1,1
209,5,3,3,2,1,3,2,4,4,1,5,4,5,5,5,3,3,1,2,3,3,4,4,2,3,5,5,3,4,1,3,3,3,3,1,1
210,5,2,4,3,3,4,3,2,5,4,3,5,4,5,4,2,4,2,2,5,1,4,5,3,3,5,3,4,4,3,4,4,4,4,4,3
211,5,4,5,5,5,5,1,4,5,4,3,4,4,4,5,3,4,5,1,5,5,5,5,5,5,5,5,5,5,5,5,5,4,5,4,5
212,5,4,5,1,2,2,5,5,5,1,1,5,4,4,5,2,5,4,1,5,2,5,5,5,3,3,5,1,3,2,5,1,3,2,1,1
213,5,3,1,3,3,5,1,2,4,2,3,3,2,4,5,5,1,2,5,5,5,5,5,3,5,5,5,5,5,3,5,5,3,4,5,5
214,5,4,4,2,3,3,4,5,5,2,5,4,2,2,2,4,3,5,2,5,1,3,5,4,3,3,5,5,4,2,5,3,3,3,3,4
215,4,3,2,2,2,3,3,3,5,4,3,2,2,5,5,4,3,1,2,5,1,3,5,2,3,2,4,4,5,3,4,4,3,3,3,3
216,1,3,2,2,1,1,1,3,1,1,1,5,1,1,1,1,5,1,1,4,5,1,5,3,1,5,1,1,3,4,5,3,1,1,1,1
217,5,4,1,1,1,1,1,1,4,5,3,2,1,1,3,1,1,2,1,4,4,2,3,1,1,4,1,1,3,1,2,3,3,2,3,4
218,5,3,4,1,3,2,5,4,3,1,2,3,1,2,4,4,3,2,3,5,1,3,5,5,3,2,5,5,4,2,4,2,3,1,2,1
219,5,4,2,1,3,2,3,4,3,1,1,4,3,1,2,2,1,3,2,5,3,2,5,3,5,5,3,4,5,1,5,2,1,5,2,4
220,5,5,5,1,1,1,2,3,1,1,1,5,2,1,1,1,2,5,1,5,5,5,5,1,3,5,3,3,5,3,5,5,3,4,1,2
221,5,3,4,3,3,4,2,1,3,1,2,5,4,4,2,5,3,1,3,5,3,3,5,3,2,3,4,5,4,3,4,3,3,1,1,1
222,5,3,4,5,1,4,3,3,5,5,4,5,5,5,4,4,3,4,3,5,4,5,5,3,4,3,4,5,4,3,2,3,4,1,4,4
223,5,3,3,2,4,4,3,5,5,3,3,2,1,4,3,3,3,1,1,5,1,3,5,5,3,3,5,5,3,3,3,2,3,1,2,2
224,5,3,3,3,2,3,1,4,2,2,1,4,3,4,2,2,5,2,2,5,1,2,5,3,2,2,4,5,4,1,4,4,5,2,3,2
225,5,3,2,2,3,5,4,4,5,3,4,3,3,2,3,5,2,1,2,5,4,3,4,3,4,5,2,4,3,1,5,2,4,3,1,3
226,5,4,2,3,2,4,4,2,5,2,4,3,4,4,5,5,3,2,2,5,3,3,4,2,5,5,2,4,5,3,5,3,3,4,4,4
227,5,5,5,5,4,,3,4,5,3,3,5,3,2,,1,,3,1,5,3,3,5,1,3,1,5,5,3,1,5,2,1,3,1,1
228,5,2,2,4,3,5,3,2,4,3,3,2,3,5,3,4,4,1,3,5,2,4,3,3,2,4,4,5,5,2,4,5,4,3,3,4
229,4,3,3,5,3,4,2,3,3,1,2,1,2,5,4,4,3,2,3,5,1,2,3,2,5,5,3,3,4,3,3,3,3,2,3,3
230,4,3,4,2,4,1,1,4,3,1,4,2,5,3,3,2,2,3,3,3,1,3,4,1,2,2,3,2,3,3,5,2,1,1,4,2
231,5,2,2,5,4,5,5,5,3,1,3,4,3,3,3,3,5,2,3,4,1,3,4,4,4,4,4,4,4,2,4,4,4,4,3,1
232,5,1,3,2,3,2,2,4,5,3,3,1,2,3,5,1,5,1,1,5,4,4,5,5,2,1,4,3,3,1,3,2,4,2,2,1
233,5,3,1,2,4,4,1,2,3,2,2,3,4,5,3,1,4,3,1,5,4,5,5,5,5,5,2,3,3,2,5,1,2,4,4,1
234,4,4,4,2,2,4,3,4,4,4,4,4,4,2,4,3,4,4,1,5,5,5,5,5,4,3,4,4,3,2,3,1,4,1,1,1
235,4,4,4,4,3,2,1,4,5,4,4,2,4,1,3,4,5,1,1,3,1,1,5,5,2,2,5,5,4,2,3,1,1,1,5,4
236,5,3,1,1,1,3,3,3,5,4,2,1,1,3,4,2,4,1,2,5,1,2,5,3,1,4,5,5,3,2,3,5,5,4,1,1
237,1,3,3,3,2,3,5,4,4,3,3,2,4,3,4,2,4,1,1,5,2,3,5,3,3,5,5,5,5,2,5,5,4,5,3,2
238,5,4,4,2,1,3,3,4,3,1,1,5,4,3,2,2,5,3,2,4,3,2,5,5,2,3,5,5,4,2,3,2,2,3,4,1
239,5,2,2,1,2,2,3,4,2,1,1,5,3,2,3,2,4,1,1,5,5,4,5,5,3,4,5,5,3,2,3,2,3,2,2,2
240,5,3,4,2,1,5,2,2,4,1,3,3,3,4,4,4,2,2,4,5,1,3,5,3,3,3,4,4,2,1,4,4,2,4,1,2
241,3,4,2,1,1,1,1,2,3,2,1,2,2,2,2,2,1,2,1,3,3,3,5,3,3,4,5,5,4,3,4,3,3,5,2,2
242,5,4,2,1,1,3,5,3,3,1,2,5,3,3,3,3,2,1,4,5,3,3,4,4,4,5,4,3,3,2,4,3,4,4,4,5
243,3,3,3,2,1,2,5,5,4,1,1,1,1,2,2,1,4,1,3,5,1,5,5,4,4,2,3,2,2,1,3,3,3,2,1,1
244,,3,2,1,2,4,5,5,5,1,4,1,2,4,5,4,3,1,2,5,2,4,2,2,4,4,4,3,4,2,2,4,5,2,4,1
245,5,3,5,2,4,3,5,5,5,2,3,2,3,3,4,3,5,2,1,5,5,5,5,4,2,1,5,5,2,1,4,1,5,2,1,1
246,5,3,2,3,3,2,2,3,4,3,4,4,5,4,5,5,3,1,1,5,5,4,5,3,2,1,5,5,3,2,5,3,5,2,1,1
247,5,3,3,2,3,4,1,4,5,2,2,3,4,4,4,1,5,1,4,5,4,4,5,4,5,5,5,2,5,5,5,5,3,2,5,4
248,5,3,3,2,1,4,5,3,5,2,3,3,4,5,3,5,4,2,1,5,1,1,5,5,2,3,4,5,5,1,2,3,2,1,1,2
249,5,3,4,1,1,4,3,4,5,4,3,4,2,2,2,2,2,3,3,5,4,4,5,5,4,3,5,5,3,2,5,5,5,3,2,2
250,5,3,3,4,4,4,4,5,5,4,4,2,2,4,4,4,5,2,4,5,4,4,5,3,5,3,5,5,5,2,5,4,4,2,1,1
251,5,3,3,2,1,2,2,4,3,2,2,4,4,2,2,2,4,2,1,5,3,5,5,5,4,2,2,2,2,2,3,1,1,2,1,1
252,5,5,5,2,2,3,5,5,5,2,4,4,4,3,3,2,4,5,2,5,5,4,5,5,5,3,5,5,5,2,2,2,2,2,1,1
253,5,2,2,2,3,3,3,4,5,1,2,2,1,3,2,5,4,2,4,5,2,2,5,5,4,4,5,5,4,3,4,3,4,2,1,1
254,5,3,3,1,2,1,1,3,1,1,1,1,1,1,1,1,1,1,1,3,5,5,5,5,3,1,2,1,2,1,2,1,3,1,1,5
255,5,3,5,3,2,2,5,5,3,1,1,4,2,1,5,2,5,3,2,5,1,2,5,5,1,5,5,2,3,1,4,2,4,3,2,1
256,5,3,2,5,4,5,5,3,5,4,3,3,3,4,4,4,5,1,4,5,1,3,4,4,2,1,5,5,5,4,2,2,5,1,2,2
257,5,3,3,4,2,1,2,5,2,1,1,3,2,1,2,1,5,1,1,3,2,2,5,5,2,2,5,5,2,2,2,3,2,2,1,1
258,5,3,5,3,2,3,3,4,4,3,1,4,2,3,3,3,2,5,2,5,3,4,5,3,5,5,4,5,5,4,5,4,2,4,5,3
259,5,4,1,2,1,5,1,1,5,5,2,1,1,4,3,5,2,1,1,5,4,5,5,2,5,3,5,5,3,1,2,2,2,2,4,4
260,2,3,3,3,3,2,2,3,4,2,2,2,1,3,5,2,5,1,5,3,1,1,5,1,1,4,3,1,5,1,1,5,4,4,1,2
261,3,3,3,3,3,3,3,3,3,3,3,3,3,3,3,3,3,3,3,3,3,3,3,3,3,3,3,3,3,3,3,3,3,3,1,3
262,5,3,4,2,3,2,2,5,2,1,2,2,1,1,1,1,3,1,1,5,5,4,5,5,4,1,4,5,3,1,4,3,2,4,4,2
263,5,4,3,4,2,5,4,2,5,2,1,3,3,5,3,5,2,3,4,4,1,2,3,3,3,3,4,4,5,3,3,3,5,4,3,2
264,5,5,5,2,2,2,4,5,4,2,2,4,3,2,4,3,5,3,2,5,4,2,5,4,3,2,4,5,1,1,3,1,4,2,3,2
265,3,3,3,3,1,3,3,5,4,3,3,5,4,3,3,3,3,3,3,5,5,5,5,,4,5,3,5,3,2,5,2,2,2,2,2
266,5,3,3,2,1,2,3,5,2,1,1,4,3,3,2,1,1,1,1,5,3,3,5,5,4,2,2,2,2,1,3,1,1,1,2,1
267,5,3,3,3,2,3,3,4,4,1,1,2,2,4,3,1,4,1,2,5,2,3,5,5,3,3,4,4,3,2,2,3,3,1,4,3
268,5,3,4,3,4,4,3,2,4,4,4,3,2,2,3,2,3,2,3,4,2,3,5,4,2,2,5,5,4,4,4,4,4,4,3,4
269,5,3,3,2,1,2,2,5,2,1,1,2,3,3,3,2,5,1,2,4,1,1,5,5,4,2,5,5,5,2,3,1,2,2,5,3
270,5,3,3,1,2,4,4,3,5,3,4,1,1,1,3,2,4,2,4,5,4,4,4,3,3,4,4,4,4,2,3,3,3,3,2,2
271,5,3,3,2,1,1,3,4,5,4,5,5,5,5,5,5,3,2,1,5,3,3,5,4,2,2,5,5,5,2,5,3,5,3,1,1
272,5,3,4,3,1,1,1,4,5,5,5,5,5,4,5,4,2,1,1,5,4,3,4,2,1,5,3,3,4,2,5,4,1,3,2,1
273,5,3,2,4,3,5,3,2,5,5,5,2,5,4,3,5,2,1,5,5,3,2,5,2,2,4,3,5,5,1,2,3,4,2,3,2
274,5,3,4,2,2,4,4,4,4,2,4,4,4,5,4,4,4,4,3,5,3,5,4,5,4,5,5,5,4,3,3,3,4,3,2,1
275,5,4,5,3,3,2,2,4,3,1,1,4,3,2,4,1,3,2,1,4,3,3,5,4,1,2,3,4,5,2,2,5,5,5,1,1
276,5,3,3,3,4,4,5,3,4,4,3,2,2,4,3,3,5,4,3,5,4,3,5,4,5,3,5,5,4,3,4,5,5,4,2,2
277,5,4,5,3,5,2,2,5,5,4,3,1,1,1,4,3,3,1,1,5,4,4,5,4,5,4,5,5,3,3,5,4,1,1,3,1
278,5,3,2,1,3,3,1,4,5,3,1,2,2,3,5,1,2,2,2,5,5,4,5,4,5,5,3,3,4,4,4,5,3,4,2,2
279,5,4,3,5,2,4,3,3,4,2,3,5,5,2,3,5,4,3,3,5,4,4,5,2,5,3,5,5,5,3,5,4,3,3,3,3
280,5,3,4,2,2,2,1,4,3,1,3,3,3,1,1,1,2,2,1,4,3,3,5,5,3,2,5,5,5,1,1,3,4,1,1,1
281,5,3,4,2,1,3,4,2,5,5,3,2,3,2,2,4,5,5,2,4,1,1,5,5,3,1,3,4,3,2,4,3,4,2,1,2
282,5,3,4,2,3,4,1,2,4,4,5,4,4,5,5,2,5,3,2,4,1,4,5,2,3,3,4,1,5,5,5,2,3,3,1,4
283,5,3,1,1,2,1,2,3,2,1,1,1,2,1,2,2,3,1,1,3,3,4,5,2,1,1,3,3,1,1,2,1,3,2,1,1
284,5,3,4,2,3,3,2,4,4,2,4,4,,5,3,2,3,3,2,5,2,4,4,4,3,4,3,3,5,4,4,2,2,2,5,3
285,1,2,1,1,1,1,1,1,1,1,1,1,1,1,1,1,1,1,1,5,4,4,4,2,5,5,5,5,4,2,5,2,1,1,4,1
286,5,4,3,1,1,3,3,5,5,1,1,3,1,2,1,1,1,1,4,5,3,4,5,4,2,2,3,3,2,1,3,2,3,2,2,1
287,5,3,3,2,2,4,3,4,4,1,3,5,5,3,3,4,4,1,1,5,4,4,5,3,3,4,4,4,4,1,4,4,4,1,1,1
288,5,3,3,1,1,3,2,4,4,2,4,4,1,3,3,4,2,3,3,5,3,3,4,4,2,3,4,4,3,2,2,4,3,3,1,1
289,5,3,5,3,,3,1,2,3,2,1,4,4,2,3,1,4,5,1,4,5,5,5,3,1,5,4,4,5,5,5,2,2,1,1,3
290,5,3,4,2,2,3,4,4,4,2,2,4,1,2,4,1,,2,3,4,3,3,4,2,2,4,2,3,2,2,4,5,2,5,1,2
291,4,3,4,1,1,2,4,4,4,1,1,4,3,4,4,3,4,1,1,5,2,4,5,5,3,3,5,5,4,1,2,4,3,3,1,1
292,4,3,3,3,3,3,3,3,5,4,4,3,4,3,4,3,3,2,3,4,2,4,4,4,4,3,4,4,3,2,4,4,3,3,2,1
293,5,4,5,2,3,2,5,5,4,1,3,3,3,3,3,3,5,2,1,5,2,4,5,5,3,2,5,5,3,2,5,3,4,3,1,1
294,5,1,2,2,2,4,4,1,5,4,5,1,4,3,3,5,2,1,2,5,1,1,5,4,5,4,5,5,4,3,1,4,1,1,5,5
295,5,3,2,2,1,4,2,3,4,1,4,,4,4,3,4,4,1,2,3,3,3,4,2,2,3,2,2,4,2,2,5,5,4,1,1
296,5,3,3,2,5,3,3,4,5,3,2,2,4,3,5,5,3,1,4,5,3,5,3,4,2,5,5,4,4,4,2,3,3,3,1,1
297,5,4,5,1,1,1,1,5,3,2,2,2,4,1,3,3,1,5,1,5,5,5,5,1,4,4,1,1,3,4,5,4,2,3,4,3
298,5,3,2,1,2,3,2,2,3,2,3,1,3,3,2,4,2,4,2,5,2,2,4,3,4,2,2,3,2,2,3,1,4,1,3,3
299,5,3,5,2,3,2,2,4,3,1,1,5,4,4,5,1,5,2,1,5,2,2,5,4,2,5,5,5,4,2,3,3,5,3,1,1
300,5,3,4,1,1,3,4,2,4,1,3,5,5,3,2,2,3,1,2,5,5,5,5,3,1,3,5,5,5,1,5,3,4,3,1,1
301,5,2,1,5,2,5,2,2,4,5,3,1,1,3,3,5,1,1,5,3,2,4,1,3,5,4,4,5,5,1,4,3,4,3,3,2
302,4,2,1,2,1,5,2,1,5,5,1,1,1,2,1,2,1,1,4,5,1,3,4,2,4,5,5,2,5,4,5,5,5,2,2,4
303,5,4,5,4,1,2,5,5,5,2,2,5,3,1,4,1,5,1,2,5,3,4,5,4,1,1,5,5,3,1,1,3,4,3,1,1
304,4,5,2,2,4,2,5,4,5,4,2,4,2,2,3,1,5,1,1,5,1,3,5,4,1,3,3,3,3,4,5,4,2,2,5,2
305,5,3,2,2,1,4,4,4,4,2,1,2,3,2,2,1,2,1,3,5,1,3,5,4,3,1,4,4,2,1,4,4,5,4,1,1
306,5,3,3,2,1,2,2,2,5,2,3,2,2,3,4,5,1,1,2,5,1,1,5,5,2,4,5,4,4,1,4,5,5,5,4,2
307,5,5,5,3,3,3,3,3,4,2,4,4,5,5,5,5,5,4,1,5,3,1,5,5,2,1,5,5,2,1,1,3,4,1,4,1
308,5,3,1,4,3,2,5,2,5,4,3,1,1,5,5,3,3,1,1,5,1,1,5,3,4,1,5,5,5,1,1,2,2,2,5,3
309,5,5,5,2,3,3,2,4,3,1,,3,1,1,1,2,3,4,1,4,3,4,4,4,5,4,5,5,4,2,3,3,4,4,2,2
310,5,3,4,2,1,3,3,3,4,1,1,4,1,1,4,2,2,2,1,4,5,5,3,2,3,2,3,3,2,1,3,2,3,1,3,3
311,5,5,4,1,1,3,2,4,4,2,1,1,2,1,1,1,3,5,3,3,3,4,3,3,3,2,2,4,3,1,5,1,1,1,2,2
312,5,4,5,5,2,5,5,5,5,2,2,5,5,5,3,3,5,2,5,5,4,4,5,4,5,3,4,5,5,3,5,5,3,3,3,1
313,2,4,2,1,1,2,2,3,4,3,2,3,3,3,3,2,1,2,1,5,4,4,4,3,4,5,2,2,3,1,3,2,1,1,2,2
314,5,4,3,2,2,4,3,4,2,1,1,4,1,3,4,2,4,2,2,5,4,4,5,4,5,3,4,3,3,1,3,3,4,4,1,1
315,5,4,5,4,5,4,5,5,5,5,5,2,5,5,5,5,5,5,4,5,4,4,5,5,5,5,5,5,5,4,5,5,4,2,5,5
316,5,3,1,1,1,3,3,5,2,1,1,2,1,1,1,2,2,1,2,4,1,3,4,1,2,5,4,3,3,2,4,4,2,2,1,1
317,5,3,4,1,1,1,3,3,3,1,2,3,2,1,1,2,2,4,2,4,2,3,5,4,3,2,3,5,3,1,3,3,2,2,2,2
318,5,3,5,2,2,2,1,3,5,1,2,2,1,2,3,3,4,4,1,5,5,5,5,1,5,5,3,3,3,1,5,1,1,1,3,3
319,5,3,2,3,4,3,3,3,1,1,3,3,2,4,4,3,3,2,1,5,3,4,4,5,5,3,2,1,1,4,3,3,5,1,3,1
320,5,3,4,3,2,4,5,5,4,1,2,3,3,4,3,4,4,3,2,5,1,3,5,5,3,4,5,5,3,2,4,3,5,4,1,1
321,5,4,3,2,2,2,2,3,5,4,3,2,3,2,2,5,2,4,1,5,2,4,5,2,3,4,5,5,3,4,5,5,2,3,3,3
322,5,3,3,2,4,3,4,4,5,2,2,5,2,3,5,3,4,3,1,5,5,5,5,4,2,3,3,5,3,4,4,4,5,2,1,1
323,5,3,2,2,1,4,3,2,5,5,5,1,3,3,5,5,3,1,2,4,1,2,5,5,2,3,5,5,5,1,2,5,2,5,1,1
324,5,2,2,1,4,5,4,5,4,1,3,1,1,1,3,1,3,1,5,3,2,4,5,4,2,2,3,2,5,1,5,2,4,3,3,3
325,5,3,4,2,2,2,2,5,3,2,3,2,3,3,3,3,3,2,2,5,2,3,5,5,3,2,4,4,3,2,4,1,2,2,2,2
326,5,3,4,4,3,3,3,4,4,4,4,5,5,2,4,3,3,4,2,4,1,2,4,3,3,4,4,4,5,2,4,5,3,3,1,3
327,5,4,3,2,2,3,2,5,4,2,2,2,3,3,3,3,3,3,1,5,5,4,5,5,4,5,3,3,4,2,2,4,4,4,4,1
328,5,3,3,2,1,4,4,5,3,1,1,5,4,3,4,2,3,1,2,5,3,4,5,3,3,3,4,5,5,1,5,3,3,1,2,1
329,5,5,3,3,4,2,1,2,5,4,5,2,4,3,2,5,3,1,1,5,4,5,5,5,4,5,3,3,3,3,3,1,5,4,5,1
330,5,3,4,2,3,3,2,4,4,1,2,4,2,2,3,2,2,3,1,5,4,5,4,4,2,4,5,4,3,1,2,3,2,2,2,1
331,5,3,4,2,1,4,3,3,5,3,3,3,2,3,3,4,,3,2,5,1,1,5,3,4,2,4,4,4,1,3,4,3,2,1,2
332,5,5,3,2,3,3,3,2,5,2,2,5,1,5,5,1,2,4,1,5,2,1,5,3,3,5,2,2,2,5,2,2,3,2,3,5
333,4,3,3,2,3,3,5,3,2,1,1,2,3,1,1,1,5,1,1,5,3,1,5,5,1,2,5,5,3,2,3,3,3,2,4,4
334,5,2,3,2,3,3,4,5,4,2,2,3,2,3,3,2,3,2,2,4,2,2,5,5,3,2,5,5,3,3,3,5,3,3,3,2
335,5,2,2,3,3,2,3,2,3,2,2,2,2,4,1,4,4,1,1,5,4,5,5,2,1,5,3,4,4,1,1,4,4,3,1,1
336,5,5,4,3,2,3,3,4,4,2,2,4,4,4,3,2,2,4,2,5,5,4,5,3,4,5,3,3,4,2,3,5,2,2,3,2
337,5,4,3,1,2,3,2,5,3,1,2,3,3,3,2,3,1,4,2,5,5,4,5,3,4,1,3,5,5,1,3,1,1,3,5,5
338,5,3,5,1,2,3,2,3,3,1,1,5,2,2,1,2,1,5,3,5,2,2,5,1,2,5,5,5,5,3,4,3,3,4,4,5
339,5,3,,,,4,3,3,5,2,2,2,1,1,2,1,1,2,2,5,4,3,5,5,3,1,4,4,3,1,3,2,2,1,3,1
340,5,3,2,2,1,5,3,2,5,5,5,1,3,3,5,5,2,1,3,5,1,2,5,5,1,3,5,5,5,1,2,5,2,5,1,1
341,5,1,1,3,2,5,3,2,3,1,2,3,3,2,2,4,2,1,3,4,2,2,4,4,4,5,3,3,5,1,2,5,3,4,1,2
342,5,4,1,1,1,1,1,2,2,2,2,5,1,1,1,1,1,5,1,5,5,5,5,1,4,5,1,1,4,5,5,3,3,2,1,1
343,5,3,3,2,2,2,4,3,3,1,2,4,4,3,3,3,4,3,2,3,1,2,5,3,5,2,4,4,3,2,3,2,3,2,4,3
344,5,4,3,5,2,2,5,5,4,2,2,1,2,2,5,2,5,1,2,4,2,5,4,3,1,2,5,5,4,1,1,2,3,1,1,1
345,5,3,2,4,4,1,2,5,3,1,1,2,1,1,4,3,3,1,1,4,1,2,5,4,1,1,5,2,1,1,1,1,1,4,1,1
346,4,3,4,2,1,1,2,4,4,3,4,2,3,2,2,2,2,3,1,4,1,3,5,3,5,4,2,1,1,1,5,3,3,1,3,1
347,5,4,1,1,1,1,1,3,3,1,1,5,5,1,3,1,2,4,1,5,3,4,5,3,4,3,2,1,3,2,5,5,5,2,1,1
348,5,4,3,2,2,2,2,4,4,4,4,2,2,,2,1,1,2,1,5,1,3,5,2,4,3,3,3,3,,5,2,2,1,2,2
349,5,4,3,5,2,5,5,4,2,1,1,1,2,5,5,3,3,2,5,5,1,1,5,2,3,1,5,5,5,3,4,3,2,1,3,3
350,5,4,5,2,1,2,3,5,2,1,1,3,2,3,3,1,2,4,1,5,5,5,5,5,2,1,5,5,3,1,3,3,2,2,2,1
351,2,3,4,2,2,1,1,4,4,3,3,2,3,1,1,3,1,2,1,5,3,3,4,2,5,3,2,5,2,3,5,2,2,1,2,2
352,5,3,3,2,4,5,3,5,5,2,4,1,4,4,4,5,3,1,3,5,4,4,5,5,2,3,5,5,4,2,3,3,3,2,5,4
353,5,5,2,1,3,2,1,2,5,5,1,1,1,1,5,1,2,1,2,5,2,5,5,3,3,5,3,2,5,5,4,1,1,1,1,5
354,5,3,3,1,2,3,2,4,2,1,1,4,2,2,3,5,2,1,3,5,4,4,5,4,2,2,2,2,3,2,2,4,4,4,2,2
355,5,3,3,3,2,4,4,4,4,2,3,3,2,2,2,3,2,3,4,5,1,4,4,5,3,4,5,5,3,2,3,3,4,4,4,4
356,5,4,2,1,3,1,2,4,3,1,1,5,2,1,2,1,3,2,1,5,2,4,5,3,3,4,5,5,2,2,4,4,2,4,4,2
357,4,4,3,3,4,4,4,5,5,3,2,4,4,3,4,2,3,2,3,4,3,2,5,2,5,3,4,4,4,4,4,5,2,4,5,5
358,5,4,3,1,1,2,2,2,4,4,3,5,2,2,1,1,4,3,2,4,2,2,5,4,4,4,5,5,4,2,3,1,3,1,3,2
359,4,3,5,3,3,2,1,3,5,2,1,3,3,3,4,1,2,2,3,5,2,2,5,3,3,5,3,2,4,3,3,5,2,2,2,2
360,5,3,4,2,4,3,2,5,2,1,2,4,4,2,3,1,3,2,3,5,1,2,5,5,3,3,5,5,5,3,4,5,2,2,1,1
361,5,3,4,1,2,1,3,5,5,1,1,5,5,3,4,3,3,1,2,5,1,2,5,5,1,2,5,3,3,2,4,4,4,3,5,1
362,5,1,3,5,5,5,2,2,5,4,2,3,4,5,1,1,1,1,1,5,5,4,5,4,3,1,5,5,2,1,2,4,5,1,1,2
363,5,3,2,3,2,4,5,3,5,4,5,2,4,,4,3,4,2,4,5,2,5,2,3,4,3,3,3,4,3,4,5,4,1,1,
364,5,3,1,3,2,4,5,3,5,3,5,2,4,1,4,4,4,1,5,5,1,4,2,3,4,3,2,2,4,3,4,5,4,1,1,1
365,2,4,4,2,3,3,2,4,5,4,3,3,3,2,4,3,1,2,1,5,2,4,3,2,1,4,1,1,4,4,5,3,3,2,2,1
366,5,3,2,2,3,4,2,1,5,4,5,1,5,4,5,5,1,2,4,5,1,5,2,2,1,5,2,2,5,3,4,5,5,4,1,1
367,5,2,2,1,2,2,2,4,4,2,2,3,3,1,1,1,1,3,1,5,5,5,5,2,5,4,3,3,3,4,5,1,1,2,5,2
368,5,3,3,1,3,4,1,5,5,4,4,1,2,5,5,5,1,3,1,5,2,4,5,4,5,5,3,3,5,2,5,5,1,2,1,1
369,5,4,5,2,2,3,3,5,3,1,1,3,4,3,3,1,5,,3,5,5,5,,5,5,3,5,5,5,3,5,3,4,2,1,1
370,5,3,5,3,2,1,1,,2,4,2,3,2,1,2,3,1,5,1,4,5,5,3,3,3,5,5,5,4,5,5,4,3,4,4,3
371,5,4,3,3,2,4,3,5,5,3,3,4,3,3,3,2,4,1,2,5,1,4,5,3,1,3,5,5,5,2,5,4,4,2,2,1
372,5,3,5,5,5,5,5,5,5,3,3,2,2,5,5,3,5,2,5,5,1,2,5,5,3,2,5,5,3,3,2,2,5,1,5,3
373,4,4,2,2,2,2,2,2,4,2,5,1,4,2,3,4,2,4,2,4,3,3,4,3,5,4,3,5,5,1,4,3,3,3,1,3
374,5,4,2,1,1,1,1,5,3,1,1,2,1,1,1,1,1,1,1,5,2,4,5,4,5,3,4,4,1,3,5,5,4,3,1,1
375,5,3,5,2,2,1,2,5,3,1,1,3,3,2,2,1,2,3,1,5,3,4,5,5,2,4,5,3,3,2,2,2,2,1,1,2
376,5,3,4,2,1,1,3,5,4,2,2,5,2,2,1,1,3,,1,5,1,2,5,5,2,1,5,5,3,1,3,2,1,1,3,2
377,5,5,,1,1,1,1,4,1,1,1,5,1,1,1,1,2,1,1,5,2,3,5,5,1,1,5,5,5,1,2,2,1,1,1,1
378,5,3,2,3,3,4,2,3,5,4,3,1,3,4,4,5,3,1,1,5,5,5,5,3,1,3,4,4,4,1,2,3,5,4,5,4
379,5,5,5,,2,2,4,5,4,1,1,4,5,1,2,2,3,3,1,5,5,4,5,3,2,1,5,5,4,1,2,4,4,1,5,1
380,5,3,5,4,3,4,5,4,4,2,2,3,3,4,3,2,4,2,4,5,3,4,5,3,4,4,5,5,4,3,5,3,5,4,3,3
381,5,4,4,3,2,2,3,4,4,1,1,4,2,2,4,2,5,5,1,5,4,3,4,3,2,1,5,4,2,1,4,3,4,1,2,1
382,5,4,2,2,3,4,3,2,5,3,3,1,1,3,3,3,2,1,4,5,1,5,4,3,4,3,5,5,4,2,4,5,5,3,2,1
383,5,3,4,3,4,2,2,5,1,1,1,4,2,1,2,2,5,4,1,5,4,2,5,5,2,4,5,5,4,2,4,4,2,2,1,1
384,5,3,2,2,2,3,4,3,5,3,4,3,3,3,3,5,1,2,3,5,5,5,5,4,2,1,4,4,5,1,5,1,2,2,5,2
385,5,4,3,1,1,2,3,3,5,5,3,4,4,4,4,5,2,1,1,2,1,1,3,3,1,1,4,4,2,1,1,2,5,1,5,1
386,5,3,5,4,4,5,4,4,5,3,3,4,5,5,5,4,5,3,3,5,3,3,5,5,5,4,5,5,4,4,5,3,1,1,3,4
387,5,3,3,2,1,2,3,4,5,3,3,5,4,2,3,3,2,4,1,4,3,3,5,3,5,2,2,2,4,2,3,2,4,3,3,4
388,5,3,5,2,2,2,4,5,2,1,1,5,5,3,3,2,5,2,1,5,5,5,5,5,1,1,5,5,3,1,5,2,4,3,2,2
389,5,3,3,4,2,4,4,5,4,1,3,4,5,5,4,3,5,3,3,5,3,5,4,4,2,5,5,3,4,1,5,3,5,3,4,2
390,5,4,3,2,2,3,3,3,2,1,1,2,2,4,3,2,5,1,2,5,3,3,4,4,3,3,4,4,4,2,2,2,5,1,2,1
391,4,3,1,1,2,3,2,2,2,1,2,2,2,3,3,4,3,3,3,5,1,1,4,3,3,2,5,5,5,4,4,5,3,4,3,2
392,4,4,3,3,3,3,3,3,3,2,1,3,3,3,3,2,2,1,2,4,2,2,4,4,3,3,4,3,3,2,4,4,2,1,4,1
393,5,4,4,3,1,3,2,4,3,1,1,5,3,1,2,2,5,2,1,5,4,5,4,4,2,3,5,5,3,3,3,3,3,2,3,1
394,5,4,1,1,3,1,1,1,3,5,3,2,1,1,2,2,1,1,1,5,5,4,3,1,5,5,2,1,3,4,5,5,2,3,1,1
395,5,3,3,1,1,2,1,3,4,2,1,1,2,2,3,2,2,1,1,4,2,4,4,3,1,2,4,3,3,1,4,1,4,2,4,2
396,5,4,3,1,3,1,2,3,4,5,3,3,2,2,4,5,1,5,1,5,4,4,3,2,5,5,3,2,3,3,5,4,1,1,4,3
397,5,3,3,4,2,5,4,3,3,1,1,2,3,4,3,1,2,2,5,2,2,2,4,4,4,1,3,3,2,2,3,2,3,1,4,3
398,5,3,3,5,2,2,3,4,1,1,1,4,2,1,2,1,4,1,1,5,3,3,5,5,2,2,3,3,2,1,3,1,3,2,4,1
399,5,4,3,3,2,2,2,2,3,3,3,5,5,3,4,3,4,5,2,5,1,3,5,5,3,2,3,2,5,3,4,3,4,3,4,3
400,5,4,2,4,1,5,5,4,4,3,4,2,4,3,3,4,2,1,5,5,4,5,5,4,4,2,2,3,1,1,3,5,5,3,4,4
401,5,3,4,1,2,3,1,4,2,1,1,3,3,2,2,2,1,4,3,5,2,3,4,2,4,4,4,4,4,2,4,5,2,3,5,5
402,5,3,2,1,3,1,3,2,5,4,1,1,1,1,2,2,3,1,2,4,2,1,5,2,1,3,3,3,1,1,1,2,4,2,1,1
403,5,3,5,5,1,5,2,4,5,4,1,1,1,1,1,,1,3,3,5,4,4,5,2,1,5,5,5,5,1,4,5,1,3,1,1
404,2,3,2,3,3,3,4,3,4,2,2,2,4,2,4,3,3,1,3,4,2,2,5,3,4,2,5,4,5,3,3,2,4,1,2,2
405,5,3,4,5,5,5,2,4,5,1,5,3,2,2,5,5,1,5,3,5,1,1,5,5,5,1,5,5,5,1,2,2,2,1,2,2
406,4,3,3,3,3,3,3,3,2,1,2,4,2,4,3,3,3,2,3,4,1,1,4,4,1,3,5,4,4,3,3,5,4,5,2,3
407,5,3,4,5,1,4,5,5,4,1,1,3,3,4,4,1,5,4,4,5,1,3,5,5,5,1,5,5,3,1,3,1,1,1,1,1
408,5,3,4,2,3,3,3,3,3,1,3,3,3,5,3,2,2,2,2,5,3,3,5,3,2,4,5,5,4,2,3,4,4,4,2,2
409,5,5,3,4,3,5,5,3,1,1,1,1,1,4,5,3,5,1,5,4,5,4,5,5,2,3,5,3,5,1,2,3,3,2,1,1
410,5,4,5,1,5,1,5,4,4,1,3,4,2,3,4,3,2,4,1,5,2,3,5,5,3,2,2,2,1,5,2,1,2,1,3,3
411,5,5,4,2,1,3,1,4,5,1,5,4,1,1,5,3,1,1,1,5,5,5,5,1,5,5,5,5,5,5,5,3,1,1,4,4
412,5,3,3,2,2,3,4,5,5,1,1,4,2,4,3,1,5,2,2,5,1,3,4,5,2,3,5,5,2,1,3,5,4,5,1,1
413,5,5,3,1,1,1,1,3,5,5,1,1,1,1,1,1,1,5,1,2,1,1,5,3,1,1,1,3,1,1,3,4,4,3,1,1
414,5,3,4,3,1,2,2,4,4,4,4,2,2,2,4,2,2,3,2,5,3,3,4,2,3,5,3,3,4,2,5,4,2,2,3,2
415,5,3,4,3,2,5,3,5,3,2,1,3,2,3,4,4,2,2,2,5,4,3,4,4,3,2,4,4,4,1,2,4,5,3,3,1
416,5,3,3,1,1,1,1,5,5,1,2,4,2,1,5,3,3,3,1,5,5,5,5,4,1,3,5,5,4,1,1,1,5,1,1,1
417,4,2,5,1,1,4,2,4,3,2,2,3,2,2,2,1,3,4,1,,3,3,4,5,2,3,3,4,2,1,1,2,2,1,5,2
418,5,5,1,2,1,2,2,1,2,4,5,1,5,1,4,4,1,1,2,5,5,5,3,1,3,4,1,1,3,2,4,4,4,4,5,3
419,5,1,4,4,2,2,3,5,1,1,1,1,2,1,2,2,4,1,2,5,1,5,5,4,3,1,3,3,3,1,2,1,2,2,1,2
420,5,3,5,2,5,5,5,5,5,1,1,3,3,4,5,5,3,3,5,3,1,2,2,2,2,5,4,1,5,2,4,3,5,2,1,2
421,5,4,1,1,1,3,1,2,5,3,5,1,3,2,1,1,1,1,3,5,1,3,5,1,2,3,5,5,5,1,4,5,3,5,1,1
422,5,2,2,3,2,5,5,5,4,1,1,2,2,5,3,2,3,2,3,5,1,2,5,5,5,5,5,5,5,2,5,5,3,3,4,4
423,5,5,4,1,1,1,4,5,1,1,1,4,2,1,1,1,5,5,3,5,5,5,5,5,5,5,5,5,5,3,5,4,4,2,1,1
424,5,2,3,2,1,3,3,5,4,3,3,1,3,3,3,3,3,2,3,4,4,5,4,1,1,1,4,5,4,1,1,2,4,2,1,2
425,5,5,5,3,3,2,2,3,,1,1,5,,4,1,1,2,5,1,5,1,2,5,5,2,5,5,5,4,3,2,3,,1,1,1
426,5,3,3,1,1,2,3,4,5,3,5,3,4,3,4,5,1,2,3,5,4,5,5,5,5,5,5,5,5,1,5,3,4,2,1,1
427,5,2,1,1,1,1,1,2,5,4,1,1,3,4,4,4,2,1,1,4,1,4,4,2,3,3,4,4,4,1,1,1,2,2,1,1
428,5,3,3,3,1,5,1,2,3,1,2,2,3,5,3,5,3,2,4,5,2,4,4,3,4,2,5,5,5,1,3,3,4,1,1,1
429,5,3,5,3,2,4,5,5,3,2,4,3,2,2,2,1,2,3,3,5,1,3,4,5,3,1,5,5,3,1,3,2,3,3,2,1
430,5,4,2,1,2,3,2,2,5,4,4,2,1,2,3,,1,1,2,5,4,5,4,3,2,2,5,4,,2,2,2,4,2,1,1
431,5,5,3,3,3,4,2,4,4,2,2,2,4,3,3,3,4,3,2,5,1,3,5,4,4,3,4,5,5,2,3,4,3,2,2,2
432,4,3,4,1,3,2,3,2,2,1,1,3,3,3,2,2,4,5,4,5,4,4,5,3,3,2,4,5,4,3,5,2,1,2,5,5
433,5,3,2,2,2,3,1,1,5,4,3,3,3,3,4,5,3,1,1,4,5,4,4,2,3,3,2,3,4,4,2,5,5,4,2,3
434,5,3,4,4,4,2,4,5,4,3,4,2,2,2,3,5,3,2,2,5,3,5,4,3,3,2,2,2,5,1,2,3,2,4,5,2
435,5,4,4,1,2,2,3,5,3,1,1,4,3,3,2,1,5,4,1,5,1,3,4,1,4,3,2,3,5,4,5,5,3,2,1,5
436,5,3,1,1,1,1,2,3,5,5,3,2,1,1,5,3,1,1,1,4,2,2,4,3,2,2,3,4,2,1,2,2,2,1,1,3
437,4,3,2,2,2,2,1,4,4,2,2,2,3,2,3,2,4,3,2,4,3,3,5,4,4,3,4,4,2,2,4,2,2,1,2,3
438,5,3,2,1,1,1,2,3,3,1,2,3,1,1,3,1,1,4,1,5,3,3,4,4,2,3,1,1,3,1,3,1,5,,1,3
439,5,3,1,1,1,2,3,4,5,4,4,4,3,1,2,1,2,1,2,5,1,2,4,5,2,2,5,5,4,1,2,1,5,2,1,2
440,5,5,5,2,2,1,1,4,2,1,1,4,2,2,3,3,2,4,1,5,3,5,5,3,3,4,2,2,3,2,5,4,3,2,3,1
441,5,3,4,1,2,4,3,4,4,1,1,3,3,3,4,3,3,4,1,5,3,3,5,4,2,3,3,2,3,2,2,4,4,3,1,1
442,5,1,3,2,1,2,2,5,,1,3,1,1,1,1,1,5,1,1,5,1,2,5,5,2,1,5,5,,1,3,1,5,2,2,2
443,5,3,4,2,4,3,3,5,4,1,4,3,4,4,4,2,2,2,1,5,5,4,5,4,3,3,5,5,4,3,3,2,2,3,3,2
444,4,3,2,2,2,4,3,3,3,1,2,3,3,3,3,2,3,3,3,4,3,4,4,2,5,4,3,3,2,1,4,5,5,5,3,2
445,5,4,3,2,4,2,2,2,3,4,4,2,5,4,5,5,2,4,2,5,3,3,4,2,3,3,2,3,3,2,2,3,5,4,4,4
446,5,3,4,2,2,2,3,5,3,1,1,4,2,3,2,2,5,1,1,5,1,2,5,5,3,1,5,5,3,1,3,4,2,3,1,1
447,4,3,4,1,2,2,1,3,3,1,1,4,2,1,2,1,1,4,1,5,4,3,5,1,3,3,1,2,3,1,4,1,4,2,3,1
448,3,2,1,3,3,3,4,1,1,1,1,1,1,1,1,1,1,1,2,4,2,2,4,4,1,1,3,3,5,1,1,5,4,5,3,3
449,5,3,4,2,2,2,2,4,4,1,1,4,1,2,4,3,2,3,2,5,3,4,5,4,3,3,4,4,3,2,2,3,3,3,4,1
450,5,3,3,3,1,2,5,3,4,2,2,2,3,3,5,2,5,1,1,5,5,5,5,4,2,1,5,5,4,1,2,2,2,1,3,2
451,5,4,4,3,1,5,3,5,3,1,1,2,2,1,1,1,3,1,4,5,4,5,5,3,5,3,5,5,5,1,5,3,1,2,2,1
452,5,3,3,2,2,3,1,4,4,1,1,3,2,3,2,2,3,3,1,4,2,4,4,4,2,4,3,3,5,3,4,3,3,2,2,2
453,5,3,4,1,1,1,1,5,3,3,3,3,3,2,4,3,1,3,1,5,3,5,5,5,1,1,5,2,3,1,1,1,3,2,3,1
454,5,4,2,2,1,1,5,3,4,2,2,2,3,3,5,2,5,1,1,5,5,5,5,4,2,1,5,5,4,1,2,2,2,1,2,1
455,4,4,2,1,1,2,3,4,5,3,4,3,5,4,4,4,2,1,1,5,5,5,5,4,2,2,5,5,4,1,3,3,4,3,3,1
456,5,3,4,2,1,2,3,5,5,2,5,3,3,2,3,2,2,4,2,5,1,3,5,5,1,1,5,4,3,1,5,1,3,2,2,1
457,5,5,3,1,1,1,1,3,2,1,4,5,5,1,2,3,1,1,1,5,3,3,5,1,2,2,1,1,4,2,5,5,3,5,5,4
458,5,4,4,2,1,2,1,4,5,2,3,2,2,2,3,3,2,4,1,5,2,4,5,3,5,5,2,3,4,2,5,3,5,3,5,4
459,5,,5,5,5,5,5,5,1,1,1,5,1,1,5,5,5,5,5,1,1,1,5,5,5,1,5,1,5,1,1,5,5,1,1,1
460,4,2,2,2,3,3,3,2,3,2,3,1,4,3,3,5,2,3,3,5,1,2,5,4,1,2,5,5,4,2,1,2,2,1,1,1
461,5,4,3,1,1,1,1,2,4,2,4,5,5,1,1,3,1,1,1,5,5,5,5,2,2,3,3,3,5,3,5,4,1,5,1,1
462,5,3,2,4,3,3,3,3,3,1,1,1,3,3,3,3,4,2,4,4,2,3,5,3,2,3,3,3,4,3,3,3,3,4,3,2
463,4,3,3,1,2,3,1,3,5,1,4,3,3,3,3,4,2,3,1,4,2,3,5,4,3,4,5,5,5,1,2,3,3,3,3,3
464,5,3,3,1,1,3,3,5,3,1,1,3,3,1,1,5,5,1,1,5,1,1,4,5,1,1,4,5,2,1,2,1,3,1,3,1
465,5,4,4,3,3,3,2,3,4,1,4,2,3,2,4,2,5,3,2,3,1,4,4,5,1,3,3,3,2,2,1,2,3,1,1,1
466,5,3,3,2,2,3,4,3,1,1,2,2,4,4,2,3,5,2,2,5,2,3,5,3,3,4,3,3,4,4,4,5,2,3,2,2
467,5,3,3,1,3,3,3,4,3,1,1,4,1,3,3,1,3,5,1,5,3,3,3,3,3,3,3,3,3,3,3,1,1,2,1,1
468,4,2,4,3,2,3,2,3,2,2,1,4,2,1,2,2,2,2,1,5,2,2,5,4,2,1,3,3,2,1,4,1,2,3,3,1
469,5,3,3,2,4,4,2,4,5,2,2,5,4,4,5,2,2,2,2,3,4,3,4,3,3,3,3,3,3,4,4,3,2,4,4,2
470,5,5,5,1,1,1,1,4,3,1,3,4,4,2,5,4,1,4,1,5,5,5,5,3,4,3,5,5,3,3,5,3,2,2,3,2
471,4,3,4,3,1,2,3,5,2,1,1,3,3,2,3,1,3,1,3,4,5,5,5,5,2,1,3,3,2,1,3,4,3,2,2,1
472,5,3,4,2,2,2,2,3,5,4,5,2,5,3,4,5,2,2,1,5,2,4,5,3,5,4,4,5,4,3,5,3,3,2,3,4
473,3,3,2,2,4,3,2,4,3,1,2,1,1,1,2,1,1,1,2,3,5,4,5,2,2,2,1,1,4,2,1,2,1,1,5,4
474,5,2,1,1,1,1,1,2,4,4,3,1,1,1,1,4,1,1,1,5,1,2,4,3,1,1,4,3,5,1,2,5,3,2,2,2
475,5,3,5,1,1,3,1,5,3,1,1,5,2,1,1,3,1,5,1,5,3,3,5,3,3,1,2,2,5,1,4,3,3,3,5,5
476,5,3,3,2,5,4,5,3,5,4,4,3,4,3,5,3,4,1,2,4,4,3,5,5,2,3,5,5,3,1,2,4,5,3,3,2
477,5,3,2,1,1,4,3,4,5,4,3,3,3,5,5,5,5,1,2,5,1,2,5,4,1,1,3,3,4,1,3,3,3,1,1,1
478,5,3,2,1,1,2,4,2,5,3,3,1,2,3,5,5,2,1,1,5,4,4,4,3,4,2,3,3,3,3,4,2,2,2,4,2
479,5,4,5,2,3,2,3,4,4,2,2,2,2,2,4,4,2,3,2,5,4,4,3,1,4,4,1,2,2,2,5,2,2,2,1,1
480,5,3,3,2,2,3,3,3,4,3,4,3,3,4,4,,4,2,2,5,4,4,5,3,3,2,4,4,3,2,5,2,3,3,1,2
481,5,4,5,3,5,3,4,5,4,2,3,4,3,4,5,4,5,4,4,5,2,4,5,5,5,2,5,5,5,3,4,3,2,3,3,2
482,5,4,4,4,1,5,1,1,2,4,1,1,1,4,4,4,1,5,4,5,1,4,3,2,4,4,3,2,5,5,2,5,5,2,1,4
483,3,4,2,1,3,1,1,3,4,2,4,4,4,3,1,1,1,1,1,5,1,4,5,4,4,2,2,3,3,1,4,4,2,4,4,2
484,5,4,3,2,1,5,3,4,5,3,5,3,2,4,3,1,5,1,1,5,1,3,5,5,2,1,5,5,3,1,2,3,4,1,4,4
485,5,3,3,1,2,2,2,4,4,3,3,3,3,,2,2,2,2,2,5,2,4,4,3,4,3,4,4,2,1,4,4,2,2,4,1
486,5,3,4,2,1,2,1,4,5,1,1,1,3,5,4,4,4,1,1,5,2,4,5,3,3,3,1,5,3,1,4,1,1,1,1,1
487,3,3,4,2,2,2,1,4,2,1,1,3,2,3,3,3,3,2,1,5,2,5,5,4,3,3,4,2,4,2,1,4,5,4,3,2
488,5,5,5,2,1,1,1,1,1,,,,,,,,1,1,1,5,5,1,5,5,5,1,5,2,3,1,5,1,5,2,1,3
489,5,3,2,4,3,5,4,3,5,3,2,3,3,5,5,4,3,1,4,5,4,4,4,2,4,4,3,3,4,4,4,5,2,5,3,4
490,5,5,2,2,2,1,1,2,5,1,5,3,5,2,5,5,1,1,1,5,3,5,5,2,1,5,5,5,4,1,1,5,4,5,1,1
491,4,3,3,2,2,2,3,3,2,1,1,5,1,1,2,1,5,4,2,1,2,2,5,5,1,1,5,4,1,1,1,1,5,1,1,1
492,5,3,3,2,2,2,2,4,4,2,3,3,2,2,3,1,5,1,2,5,4,4,5,4,4,2,4,4,4,1,4,2,3,2,2,1
493,5,5,3,3,1,4,4,2,5,2,2,1,2,3,4,5,3,2,2,5,1,2,3,5,2,5,5,5,5,2,4,5,5,2,3,2
494,5,3,4,1,2,2,1,5,3,1,1,5,2,2,3,3,4,2,1,5,3,5,4,2,3,4,2,3,3,2,5,3,1,3,2,2
495,5,3,2,2,1,2,4,2,5,2,2,1,4,5,4,5,2,1,2,5,2,3,5,5,3,3,3,4,3,1,1,2,4,2,4,3
496,5,3,2,1,2,2,2,3,5,2,4,2,2,1,5,5,2,2,1,5,1,5,4,3,3,2,3,3,2,1,4,2,2,2,2,1
497,3,2,3,2,4,5,4,3,3,1,1,2,2,2,4,3,4,2,4,4,3,4,4,4,2,2,5,4,4,2,2,3,3,4,3,3
498,5,4,3,3,3,4,4,5,5,2,3,1,3,5,5,1,4,1,5,3,1,1,5,3,3,3,1,1,5,2,2,3,5,3,1,1
499,5,3,3,2,1,3,2,2,4,1,1,1,3,2,3,5,3,1,1,5,1,1,4,3,2,4,5,5,4,2,3,4,4,3,1,1
500,5,4,2,4,2,3,2,4,4,2,4,1,3,1,3,3,1,3,2,5,2,4,5,2,4,5,4,4,4,5,3,3,,4,2,2
501,5,3,3,5,2,4,2,2,4,2,1,1,2,2,4,5,4,4,4,5,3,3,5,5,5,5,5,5,4,1,3,4,4,3,3,4
502,5,3,4,5,3,4,2,4,4,2,2,2,2,4,4,2,5,2,2,4,4,5,3,5,1,5,2,2,4,1,1,3,2,2,4,1
503,5,4,4,3,2,4,2,2,5,3,4,3,3,4,5,3,1,3,3,5,3,5,4,2,5,5,5,5,3,5,5,2,1,4,3,1
504,5,3,2,2,1,5,5,4,4,1,1,1,1,1,2,1,4,5,4,5,2,1,5,5,5,3,5,5,5,4,2,4,4,1,5,5
505,5,3,5,1,1,2,2,5,1,1,1,5,2,1,2,2,2,1,1,5,5,4,5,3,4,5,4,2,3,1,2,3,3,3,5,1
506,5,4,3,4,2,2,2,3,5,3,4,3,3,2,4,4,2,1,1,5,2,4,5,3,4,3,3,4,4,5,5,2,3,2,3,4
507,5,4,2,1,1,1,1,2,2,3,3,5,1,1,1,2,1,2,1,5,1,5,5,2,3,3,2,2,3,2,4,2,3,3,2,3
508,5,4,3,4,3,3,4,2,2,1,1,2,5,4,4,4,4,1,2,4,2,3,3,2,4,1,5,1,5,3,2,3,4,2,2,2
509,5,3,1,3,5,4,1,3,5,2,,1,3,3,5,5,1,1,1,5,2,4,4,2,3,3,4,4,4,4,5,3,4,5,1,1
510,4,5,4,5,2,3,4,4,1,1,1,4,3,3,1,,3,4,1,4,3,2,5,4,3,1,5,5,4,3,5,5,1,1,1,1
511,5,3,5,3,3,4,4,4,4,3,2,4,4,4,3,3,3,2,4,4,2,3,4,4,4,4,4,3,4,4,4,3,4,2,3,5
512,5,3,3,1,2,3,2,3,3,1,1,4,4,4,3,3,2,1,1,5,3,3,5,4,4,2,4,4,3,3,4,2,3,1,4,5
513,5,1,2,4,1,2,1,1,1,1,1,1,1,2,1,3,,4,2,4,1,2,5,5,5,1,3,1,1,1,3,1,1,5,1,1
514,5,4,3,1,1,2,3,3,4,5,5,3,2,1,3,3,3,3,1,4,3,5,5,3,3,3,4,4,3,2,4,2,1,4,5,3
515,5,3,1,5,5,2,2,3,5,1,1,1,2,1,5,3,2,1,2,5,3,4,5,3,3,5,5,5,5,4,4,3,2,1,1,1
516,5,4,4,3,3,3,4,4,5,5,3,1,2,3,3,4,2,1,2,5,5,4,5,1,4,4,1,4,3,5,5,3,4,3,4,1
517,5,5,5,3,1,2,3,5,4,4,3,5,3,2,3,3,2,4,3,5,5,5,5,1,5,5,5,5,3,3,5,5,3,1,1,2
518,5,3,3,1,1,4,4,4,4,3,3,4,3,1,1,3,4,4,4,5,4,5,3,2,1,1,4,5,4,2,3,4,5,3,2,4
519,5,4,4,2,2,3,2,5,4,1,2,4,3,3,2,2,5,4,4,4,1,2,5,3,3,2,5,5,5,1,4,3,4,3,1,2
520,5,4,4,3,1,2,1,1,2,2,1,4,4,2,2,2,2,4,1,4,3,3,4,2,3,5,2,2,4,2,4,4,2,2,2,2
521,5,3,3,1,2,2,2,4,2,1,1,4,4,2,2,2,4,2,1,5,2,3,5,5,3,2,3,3,4,2,3,4,3,3,3,2
522,5,3,5,5,1,5,4,5,3,2,2,3,3,4,4,2,5,3,3,5,3,5,5,4,1,1,5,5,4,1,1,3,4,1,1,1
523,5,3,4,2,2,3,3,4,3,1,2,3,3,3,3,3,4,4,3,5,1,2,5,4,3,3,4,4,3,2,4,2,3,4,1,1
524,5,3,5,2,1,2,1,1,3,1,1,2,3,3,4,2,2,3,1,5,4,4,,5,2,5,1,5,4,3,4,2,1,2,,4
525,5,3,2,1,2,4,2,2,5,5,5,2,5,,3,5,2,1,3,5,,4,3,3,3,3,4,5,4,1,1,3,4,1,3,2
526,3,4,3,3,3,3,3,3,5,1,3,3,3,3,3,3,3,1,3,4,3,4,5,3,2,2,2,3,3,2,2,3,3,3,3,3
527,5,4,3,1,1,2,2,4,4,4,4,5,5,3,4,3,3,1,1,5,5,4,5,3,4,4,5,5,3,2,5,4,3,3,5,5
528,4,5,3,1,3,2,3,4,4,1,,2,4,4,4,4,4,2,1,4,5,4,3,2,4,4,1,1,4,4,5,2,2,3,5,5
529,5,4,3,1,1,5,3,5,5,1,2,5,1,3,5,1,1,3,2,5,2,5,5,2,5,3,4,4,5,1,5,2,3,2,5,5
530,5,2,1,2,2,2,1,3,5,3,2,1,1,2,3,4,3,1,2,4,1,2,3,2,2,3,4,4,4,2,2,5,3,5,1,1
531,5,3,3,5,2,3,3,5,2,1,1,1,1,1,1,4,3,1,1,4,1,1,5,3,3,1,3,1,5,1,5,5,5,2,3,4
532,5,4,2,5,4,5,2,2,5,4,3,1,2,3,5,5,2,1,1,5,2,1,4,4,3,4,5,5,5,2,3,5,5,5,3,4
533,5,3,4,2,1,3,3,4,4,2,1,2,4,5,3,3,4,4,2,5,4,3,5,4,2,2,5,5,5,1,3,5,3,3,1,1
534,5,3,3,1,2,2,2,3,5,2,3,2,2,3,5,5,3,3,2,5,3,3,4,3,3,3,3,3,3,1,3,3,4,2,3,2
535,5,3,3,3,1,3,3,4,3,1,1,4,4,4,3,,4,2,2,5,1,4,5,5,5,1,5,5,5,5,5,3,3,2,1,1
536,5,1,3,3,4,4,4,5,5,3,4,4,3,4,5,1,4,4,1,5,4,4,5,5,5,5,5,5,3,2,5,3,5,4,3,2
537,5,5,2,1,1,1,2,4,2,2,1,5,3,1,1,1,3,5,1,5,5,5,5,3,1,3,3,3,2,1,5,3,5,3,1,1
538,5,3,3,2,1,4,3,3,4,1,3,3,3,1,3,5,1,2,3,5,2,4,3,4,1,4,2,4,4,2,3,4,5,5,2,4
539,5,3,3,2,1,3,3,4,4,4,4,4,2,1,3,3,3,3,2,5,3,4,5,4,4,3,5,5,2,1,4,4,2,2,1,1
540,5,3,3,2,2,5,1,4,5,4,1,1,1,1,3,4,1,1,4,5,2,5,2,1,5,5,2,1,5,4,3,5,4,5,1,5
541,5,3,3,5,1,5,5,5,5,1,2,4,4,2,5,3,3,3,5,5,3,5,4,4,5,5,5,5,5,1,5,3,4,3,3,5
542,5,4,3,2,2,2,3,3,2,2,2,4,3,2,2,2,3,1,1,5,3,3,5,5,3,2,5,5,3,2,4,2,2,2,1,1
543,5,3,5,2,1,2,2,4,4,3,5,5,5,4,3,5,4,2,2,5,3,3,4,4,4,4,4,4,4,3,4,4,4,4,2,2
544,5,4,4,1,1,4,2,4,4,4,3,3,2,5,4,4,4,4,2,5,1,1,5,3,3,3,4,4,,2,4,3,4,2,2,2
545,5,4,2,3,1,4,5,2,5,4,3,2,2,2,4,5,3,1,3,5,1,4,1,2,4,4,4,4,4,1,3,3,1,2,1,1
546,5,3,3,3,3,3,1,3,3,3,3,3,3,3,3,3,1,3,1,5,5,5,5,3,5,5,5,5,4,5,5,3,3,1,1,1
547,5,3,3,2,2,5,5,4,5,3,3,2,5,5,5,4,5,1,5,5,5,5,5,3,5,5,3,5,3,2,4,3,2,3,4,4
548,5,4,1,4,2,5,3,1,4,5,2,2,2,1,4,3,1,1,5,5,3,5,5,2,2,4,4,4,5,3,4,5,3,5,1,1
549,4,3,1,3,3,3,1,2,5,1,2,1,2,1,4,4,1,1,1,4,1,1,4,4,2,3,3,3,3,2,4,2,5,2,1,1
550,5,4,5,1,2,2,3,5,3,1,1,5,3,3,1,2,4,4,2,4,2,2,5,2,1,3,5,5,4,1,4,2,4,2,1,1
551,5,3,2,5,4,3,3,3,5,2,2,1,3,3,5,4,2,1,2,5,1,3,4,3,5,3,5,5,4,2,4,3,4,4,3,1
552,5,4,3,3,3,2,2,4,2,1,1,1,1,1,1,1,2,1,2,3,1,2,5,4,3,4,5,5,4,1,4,4,3,1,3,1
553,5,3,2,3,1,3,3,2,4,2,1,1,4,5,3,5,5,2,2,5,2,4,5,5,1,5,4,4,4,1,2,4,5,5,3,1
554,3,3,4,4,2,2,2,3,2,1,1,3,1,1,1,3,2,3,2,4,2,2,5,5,3,2,4,3,2,3,4,2,4,4,3,1
555,4,3,3,4,2,3,4,3,3,2,2,3,1,2,3,2,3,3,1,4,1,2,4,4,2,3,3,2,4,2,4,2,5,3,5,3
556,5,5,5,3,1,1,2,5,1,1,2,4,5,3,1,2,4,2,1,4,2,4,5,5,1,2,4,2,4,2,5,1,2,1,1,1
557,5,3,3,1,1,3,3,4,1,1,1,4,1,1,,1,1,2,1,5,3,2,4,4,2,2,3,1,2,1,2,2,1,1,1,1
558,5,3,2,3,3,2,3,4,4,2,2,2,4,4,4,3,3,1,2,5,3,4,5,5,5,2,3,3,4,3,5,5,4,1,1,1
559,,2,3,1,2,2,4,4,2,1,1,1,2,2,3,2,5,2,2,3,1,2,5,4,2,2,5,5,3,1,2,3,3,2,2,2
560,5,3,5,2,2,1,2,2,4,2,1,5,3,1,2,1,1,1,1,5,4,5,5,5,2,1,3,3,1,1,2,1,1,1,1,1
561,5,5,4,3,3,4,3,4,3,4,4,4,4,3,4,3,4,2,3,3,1,2,5,5,4,3,5,5,5,4,5,1,2,3,1,2
562,5,3,4,3,3,4,2,4,4,1,3,5,3,4,4,2,4,4,3,4,3,4,5,2,5,5,4,4,4,3,4,4,4,4,2,3
563,5,5,5,3,2,2,2,4,3,3,3,5,1,2,2,2,,1,1,5,4,4,5,3,3,4,2,2,3,3,4,3,1,2,1,3
564,5,4,4,1,3,3,1,4,5,2,3,5,3,1,3,3,1,2,1,5,4,4,5,3,3,5,4,3,3,3,5,5,2,1,1,2
565,5,5,5,1,1,1,1,1,5,1,5,3,3,1,2,1,1,2,1,5,1,5,5,3,5,5,5,5,5,1,5,3,1,5,2,2
566,5,3,5,2,2,2,3,4,2,1,2,2,2,2,2,2,2,3,3,5,3,5,5,5,5,3,5,5,3,2,5,1,3,1,2,1
567,5,3,3,2,2,2,3,2,2,1,1,4,3,1,2,1,3,2,1,5,1,2,5,5,2,4,3,3,2,3,5,4,4,2,3,1
568,5,4,4,2,2,1,1,3,3,2,2,3,4,2,3,2,2,2,1,4,4,3,5,3,2,3,3,3,,1,4,1,2,1,3,2
569,5,4,5,2,1,2,1,5,3,1,1,3,1,1,1,3,3,3,1,5,2,3,5,5,1,1,2,4,5,1,3,1,1,1,1,1
570,5,3,4,4,2,3,2,3,3,2,2,2,3,1,2,3,3,2,1,5,2,2,5,5,4,3,4,4,4,2,3,4,5,4,3,4
571,5,3,3,1,1,2,1,3,3,1,2,2,1,1,3,2,2,1,1,5,4,2,5,3,1,5,3,3,3,1,5,4,3,2,1,1
572,3,5,4,2,1,2,3,4,1,3,2,5,3,2,1,1,,4,1,4,5,2,3,4,5,2,1,1,1,1,5,1,2,1,4,3
573,5,3,3,1,1,4,3,3,3,3,1,2,2,1,2,1,1,1,2,4,1,3,5,4,1,1,3,2,3,1,3,2,4,2,3,1
574,4,3,3,1,1,1,1,2,4,3,3,3,1,1,3,4,1,4,1,5,1,3,5,3,3,4,3,3,5,1,4,3,1,1,1,3
575,5,5,5,3,1,1,3,3,3,1,1,3,2,1,1,2,2,5,1,5,1,3,5,5,1,1,5,5,3,1,3,3,3,2,1,1
576,5,4,3,4,3,4,4,2,4,2,3,2,2,3,3,4,5,2,2,4,2,2,5,3,3,3,5,4,4,3,2,2,5,2,2,3
577,5,3,3,2,4,3,5,3,3,1,2,5,5,2,2,2,2,3,2,5,3,5,5,5,5,5,4,5,5,5,5,3,2,2,3,3
578,5,4,4,2,1,2,5,3,3,1,1,1,1,1,1,1,2,2,1,5,4,4,4,5,4,2,2,3,2,1,2,3,4,4,4,3
579,5,3,3,2,3,2,4,5,2,1,1,4,3,2,4,3,4,1,2,5,3,3,5,5,5,2,5,5,2,2,5,2,2,1,1,1
580,5,3,4,3,2,5,2,5,5,4,3,3,2,5,5,3,2,5,1,5,3,5,5,3,5,2,4,5,4,1,5,5,5,2,5,4
581,5,3,1,1,1,1,1,1,1,1,1,5,3,2,2,2,1,3,1,5,2,3,5,1,5,3,5,5,4,1,4,3,5,3,2,2
582,5,4,2,2,1,1,4,3,4,3,4,4,5,3,2,5,2,5,1,4,2,4,5,2,1,1,4,4,3,1,4,1,4,2,3,1
583,3,3,4,3,1,3,3,2,3,2,1,4,4,4,3,3,3,4,2,5,4,3,3,2,4,4,3,2,4,2,4,5,4,4,3,2
584,5,4,2,1,1,3,4,5,4,1,1,5,3,4,4,2,3,1,1,5,4,5,5,3,5,2,2,2,3,1,5,5,5,5,2,2
585,5,3,4,3,3,2,2,5,3,1,1,2,3,3,3,1,4,4,2,4,1,4,5,5,3,3,5,5,4,1,4,3,2,2,2,2
586,5,3,3,3,3,3,2,3,4,3,1,3,2,4,4,3,4,4,2,4,1,4,5,5,4,5,4,4,3,1,5,2,2,2,1,1
587,5,5,5,3,4,4,3,2,3,4,2,1,3,2,1,5,3,5,1,5,1,5,2,3,5,4,5,5,5,2,4,4,2,5,1,1
588,5,3,2,1,1,1,1,2,4,4,5,3,4,1,3,2,1,2,1,4,5,3,3,3,4,5,2,2,2,3,4,4,3,1,1,2
589,5,3,4,1,1,2,5,2,1,1,1,4,1,1,2,1,5,1,2,5,3,3,5,5,2,2,5,5,3,1,3,3,3,2,1,1
590,5,4,1,1,1,3,4,1,5,5,5,1,2,1,5,3,2,2,2,5,3,4,5,4,3,5,5,4,5,1,3,5,4,3,1,1
591,5,3,3,2,3,3,4,3,5,4,3,1,4,4,5,3,4,1,2,5,4,4,4,2,5,4,4,2,3,2,4,4,4,3,5,5
592,4,3,3,3,2,1,5,4,1,1,1,4,2,4,2,2,5,1,2,3,1,1,5,2,4,2,3,4,5,2,4,3,5,4,1,2
593,5,3,3,3,1,3,3,4,1,1,1,4,2,2,2,2,5,4,1,4,1,4,5,5,3,3,5,1,3,1,1,3,5,5,1,1
594,5,3,2,3,1,4,3,2,5,3,2,2,4,3,3,4,4,1,2,4,4,4,5,3,1,3,4,3,4,1,2,2,4,1,1,2
595,5,3,2,3,1,5,1,3,4,1,4,2,2,4,1,5,1,1,3,4,2,3,2,3,3,3,3,3,4,1,2,5,4,2,2,2
596,5,5,1,1,1,1,3,1,4,4,5,1,4,1,2,1,1,1,1,5,5,3,5,1,4,5,3,4,2,1,3,4,5,1,1,1
597,5,3,4,1,1,2,1,4,3,1,1,4,4,2,2,2,2,5,1,3,4,4,4,4,4,3,4,4,4,2,4,2,4,1,1,2
598,5,4,4,2,2,2,2,5,5,2,3,4,2,2,4,3,3,3,2,5,4,4,5,3,3,3,4,5,2,2,5,2,2,2,2,2
599,4,3,4,2,3,2,1,3,4,2,4,4,3,3,3,2,5,3,2,5,3,4,5,4,3,1,5,4,2,3,4,3,2,1,2,2
600,5,4,5,3,4,2,2,5,4,3,3,4,4,2,4,4,2,3,1,5,4,5,5,3,4,5,5,5,5,3,5,4,3,3,4,2
601,5,3,2,1,1,5,3,4,4,4,3,5,5,2,2,4,1,4,1,5,1,1,4,4,1,4,5,5,4,2,2,2,5,3,1,1
602,5,3,1,4,3,4,3,2,4,1,2,1,1,4,5,5,4,1,2,5,1,2,3,4,1,2,5,4,3,1,2,3,3,1,2,1
603,4,4,4,2,3,2,2,5,4,4,2,3,1,4,4,3,3,3,1,5,5,4,5,3,5,4,3,4,3,2,4,4,4,3,2,3
604,5,4,3,2,2,3,4,4,4,2,2,5,3,4,2,4,4,4,2,,2,2,5,4,2,2,4,4,4,2,3,3,2,2,2,1
605,5,3,3,2,2,1,3,4,4,1,5,4,4,2,2,5,2,1,1,5,5,5,5,5,4,1,5,5,4,2,4,5,5,1,1,1
606,5,3,1,5,5,2,3,3,5,3,4,1,3,3,4,1,1,1,2,5,1,4,5,3,3,1,5,5,5,5,5,3,2,2,2,5
607,4,3,3,2,1,2,2,5,4,1,2,2,1,2,3,2,2,1,2,5,3,4,5,2,4,3,4,4,5,1,4,2,2,1,2,2
608,3,3,3,1,3,3,3,4,3,3,3,1,3,3,4,1,4,1,2,4,1,5,5,3,1,2,3,4,4,1,5,4,3,5,1,2
609,3,4,2,4,2,4,2,5,1,,4,4,4,4,4,4,4,1,5,5,5,5,5,5,5,5,5,5,5,5,5,5,5,5,5,5
610,4,3,3,2,2,5,2,3,3,2,2,5,2,3,2,3,2,4,3,3,1,2,5,4,3,5,4,4,5,5,5,5,5,2,5,2
611,5,4,3,2,2,3,2,4,5,4,2,2,2,4,5,4,2,3,2,4,3,3,5,4,5,3,3,4,4,3,4,2,2,3,2,2
612,5,3,3,2,1,1,1,5,3,1,1,3,2,1,2,1,1,3,1,5,4,4,5,4,4,3,4,4,2,1,3,3,5,3,3,1
613,5,3,5,1,1,3,2,3,4,3,3,4,4,3,2,3,5,5,3,3,4,4,4,4,3,5,5,5,5,5,5,4,3,4,3,4
614,5,2,3,2,2,2,1,3,4,3,1,5,2,4,3,4,4,3,1,5,4,2,4,3,2,3,4,5,2,1,3,4,5,2,1,1
615,5,3,4,1,1,3,2,4,4,1,1,1,4,5,3,1,2,5,1,5,1,3,5,5,4,1,5,5,4,1,4,3,5,4,1,1
616,5,3,3,3,1,5,4,4,5,2,3,2,2,5,3,5,3,3,2,5,2,3,3,3,5,2,4,3,4,2,4,2,4,2,2,3
617,3,3,4,1,5,4,1,3,5,3,2,1,4,3,5,1,4,4,1,5,5,5,5,1,4,5,4,4,5,2,5,4,4,2,3,4
618,5,3,3,2,4,5,5,3,4,1,1,1,2,2,1,1,5,1,5,4,2,2,4,4,2,4,2,2,4,1,1,3,5,5,1,1
619,5,5,5,4,2,5,5,5,5,1,1,5,5,5,1,3,5,1,5,5,5,5,5,3,5,1,3,5,5,1,5,5,1,5,1,1
620,5,1,3,3,1,5,4,3,3,2,2,3,2,3,3,2,3,2,5,5,2,4,4,2,2,5,3,3,5,2,4,3,2,2,5,5
621,5,3,2,1,1,5,2,4,4,1,3,4,1,1,3,3,2,2,1,5,2,2,4,1,2,4,1,1,4,2,3,4,3,3,1,1
622,4,1,4,1,2,2,2,1,3,4,1,1,1,1,2,5,2,5,1,5,4,3,5,4,5,1,2,4,4,1,2,1,1,1,1,1
623,5,3,5,4,4,5,5,5,4,2,4,3,4,4,5,3,3,4,3,5,1,2,5,5,5,4,5,5,3,3,5,2,3,3,1,1
624,5,4,2,3,3,1,1,1,2,2,3,5,4,3,2,1,1,1,1,5,4,3,5,1,3,4,5,5,,2,4,5,2,1,1,1
625,5,2,3,1,2,1,2,5,5,2,1,4,2,2,4,1,2,1,1,5,4,3,5,5,3,1,4,4,3,1,3,3,5,1,1,1
626,5,4,5,3,2,3,3,5,2,1,3,4,1,2,4,3,5,2,1,5,2,3,5,5,3,1,5,5,3,1,4,2,3,3,3,1
627,5,3,4,2,2,1,1,3,3,2,1,4,4,4,2,2,3,4,2,5,4,4,4,4,2,5,5,5,3,1,2,2,4,2,2,2
628,5,5,4,4,3,1,4,2,1,1,1,1,2,3,3,4,3,2,1,5,3,2,5,5,2,1,4,4,1,3,2,3,3,3,3,1
629,4,4,3,1,1,2,2,3,5,5,5,4,4,3,3,3,3,2,1,5,3,4,4,2,5,4,4,5,5,5,5,2,4,2,4,4
630,5,3,5,3,2,2,2,4,4,1,1,5,3,2,2,2,5,3,2,5,4,4,5,4,1,3,5,5,2,1,3,2,1,4,1,1
631,5,5,4,1,3,2,3,5,4,3,2,4,5,4,4,2,5,5,1,4,3,1,5,5,1,1,5,5,5,1,1,3,4,1,3,1
632,5,3,5,2,1,4,5,4,5,3,2,2,2,3,2,3,5,3,3,5,1,4,5,5,,3,5,5,3,2,4,3,3,3,4,3
633,5,4,4,3,2,2,2,4,3,3,2,5,2,2,3,3,2,4,2,4,2,3,4,2,2,4,3,3,4,2,4,4,4,2,3,3
634,5,4,3,5,3,1,1,4,3,1,1,2,3,3,2,1,3,1,1,5,1,1,5,3,3,2,4,4,3,3,5,1,1,1,1,1
635,5,3,3,4,2,4,4,4,3,2,2,4,3,4,3,4,3,2,3,4,1,2,4,5,2,3,5,4,3,1,2,3,3,2,2,2
636,4,2,4,4,2,3,4,4,4,1,1,2,4,4,4,1,4,1,2,4,1,4,3,3,2,1,2,3,3,1,1,4,3,3,1,3
637,5,3,3,5,4,3,3,4,4,1,4,5,5,3,5,5,5,3,4,5,4,4,1,5,1,4,2,3,5,4,5,5,,3,1,1
638,5,2,2,3,2,4,3,5,5,2,5,2,1,2,2,1,1,2,3,,3,4,4,3,4,5,2,3,5,2,4,4,4,2,5,5
639,5,3,3,3,2,2,5,5,5,3,5,4,4,3,4,3,3,1,3,4,5,4,5,4,2,2,5,5,4,3,3,4,3,2,1,1
640,5,3,2,1,2,1,1,1,5,5,3,1,2,5,5,5,1,1,1,5,3,3,5,3,3,5,3,4,4,3,5,2,1,1,3,1
641,5,4,5,2,2,4,3,5,5,4,5,5,2,1,1,1,1,1,1,5,1,3,5,5,5,2,1,1,5,1,1,4,5,3,3,3
642,5,3,3,3,3,3,3,4,3,2,2,5,4,3,3,3,3,3,3,5,3,3,5,3,5,5,3,5,4,3,5,2,2,2,2,2
643,4,3,4,4,2,5,5,3,3,2,2,2,2,1,1,3,3,3,5,4,1,3,4,2,5,1,4,2,5,1,4,3,1,2,4,5
644,5,3,4,2,1,,3,4,5,1,1,4,1,3,4,1,5,2,4,5,1,2,5,5,4,2,3,5,5,1,4,4,4,4,2,2
645,4,5,3,3,2,2,2,5,4,2,2,4,4,2,2,1,3,1,2,5,2,2,5,5,2,5,5,5,5,3,5,3,3,3,4,2
646,5,4,4,2,1,4,4,3,2,1,1,4,2,3,2,4,4,5,3,4,1,4,5,1,4,5,3,3,5,4,5,5,2,5,3,4
647,4,3,3,1,2,3,4,4,4,1,1,3,2,2,3,1,3,2,2,5,4,4,5,3,4,4,4,5,4,2,4,2,2,2,1,1
648,5,3,3,1,3,5,4,5,3,1,1,5,2,4,5,3,5,1,1,5,1,3,5,5,3,4,5,5,3,1,5,5,4,1,1,1
649,5,4,5,5,2,2,5,4,3,1,1,3,2,2,4,1,5,2,2,5,3,3,5,5,4,4,4,3,3,1,3,2,2,1,2,1
650,5,3,5,2,2,2,2,3,3,3,3,4,4,4,4,3,3,2,2,5,4,3,5,4,3,2,3,4,4,2,2,3,4,2,1,1
651,5,3,4,1,1,1,2,4,2,1,1,4,2,1,2,1,2,3,1,5,5,5,5,2,5,4,2,5,3,3,5,3,3,1,4,4
652,5,4,4,2,2,3,2,3,3,2,2,4,3,3,3,3,4,4,3,5,3,4,5,3,3,4,3,3,4,5,5,5,3,5,1,1
653,4,3,3,2,1,3,1,5,4,1,1,1,1,1,2,1,2,1,1,5,1,2,5,2,4,5,3,3,5,1,5,3,2,4,4,2
654,5,3,3,2,2,3,2,3,5,5,2,1,3,4,5,2,4,1,4,5,4,4,5,2,3,3,5,5,4,5,4,3,2,3,1,1
655,4,3,4,3,2,3,2,5,3,2,1,3,2,2,2,2,4,3,2,4,3,4,4,4,2,4,2,2,4,2,4,4,2,4,3,2
656,5,3,3,2,2,2,2,3,5,3,4,3,4,2,3,3,2,4,1,5,1,2,4,4,2,3,3,4,2,1,2,1,2,1,3,1
657,5,3,2,2,2,4,2,2,5,3,3,2,1,4,4,3,1,1,4,5,4,3,4,5,3,3,3,3,4,3,3,5,5,5,5,5
658,5,3,4,1,1,1,3,5,3,1,2,4,2,1,2,2,2,1,1,5,1,2,5,5,2,1,5,5,4,1,3,1,5,1,1,1
659,5,3,5,2,2,3,2,2,2,2,1,5,2,3,2,3,2,4,1,5,2,2,5,2,4,1,5,5,5,3,3,1,3,3,5,3
660,5,2,2,1,1,3,3,4,5,4,4,2,1,3,3,5,2,1,2,2,1,2,5,4,5,5,2,1,4,3,3,2,2,4,3,3
661,5,3,2,2,1,3,1,4,5,3,4,3,5,4,3,3,2,1,2,5,4,2,5,5,2,1,5,5,4,2,2,5,4,2,2,1
662,5,4,3,1,1,2,3,3,1,1,1,2,1,1,1,1,1,2,1,3,4,4,4,3,2,3,3,4,2,1,3,4,4,1,2,2
663,5,4,3,2,2,1,3,4,4,1,1,3,4,1,3,1,1,2,2,4,2,3,5,3,3,4,3,3,2,1,3,3,2,1,4,2
664,5,3,3,3,2,4,3,,3,4,5,3,4,3,3,4,3,2,2,4,4,4,4,3,5,3,5,5,3,3,4,4,3,2,3,3
665,5,2,3,4,4,3,4,1,2,1,1,1,2,3,4,3,5,1,3,5,1,2,5,5,1,3,5,4,4,4,4,3,2,2,1,1
666,5,3,1,2,1,3,1,2,5,5,5,5,5,3,5,5,3,4,4,5,2,3,5,3,2,4,2,3,4,3,2,4,4,4,1,1
667,5,3,2,1,2,2,2,2,5,3,2,1,1,1,4,5,1,1,1,4,5,3,5,4,5,2,3,4,4,2,2,3,4,3,1,1
668,5,3,2,1,1,5,3,1,2,1,3,5,4,4,1,2,2,1,2,3,2,2,5,2,2,2,2,2,5,2,2,5,4,4,2,2
669,5,3,1,2,3,4,2,2,5,5,1,2,2,4,5,5,4,1,2,4,4,4,2,2,5,3,4,3,5,1,2,2,5,2,4,4
670,4,3,4,2,3,3,4,3,3,3,4,4,3,3,3,4,4,4,2,4,4,4,4,3,4,5,4,4,2,2,4,4,4,2,2,2
671,5,3,3,2,2,2,3,3,3,3,1,2,3,3,2,2,5,2,2,3,3,4,3,2,2,4,3,3,4,3,3,3,4,3,2,2
672,5,3,3,3,3,2,3,3,3,1,1,4,4,4,4,4,4,4,3,4,2,2,5,5,4,3,3,2,4,2,4,3,4,3,3,3
673,3,1,2,4,2,5,5,4,4,2,2,1,1,3,2,3,3,1,5,4,5,5,4,4,2,4,3,2,4,2,1,3,2,3,1,1
674,4,3,2,2,1,3,4,5,4,2,1,3,2,4,4,3,4,1,4,4,3,3,4,4,1,2,3,3,3,2,1,3,5,2,1,1
675,5,4,3,3,1,3,1,3,5,3,3,4,1,1,3,1,3,1,1,4,1,4,4,3,1,5,2,5,5,1,2,1,2,4,3,3
676,5,3,3,3,3,3,5,5,4,2,1,2,2,2,3,1,3,3,2,5,2,3,5,5,2,5,5,5,1,1,3,3,3,2,2,2
677,5,4,2,2,1,2,2,1,2,2,1,2,1,2,1,5,2,2,2,5,1,2,2,3,1,2,3,4,5,1,3,3,1,1,1,1
678,4,3,3,2,1,3,3,4,3,2,3,3,3,2,3,1,4,1,1,5,5,5,5,5,3,5,5,5,5,3,3,5,2,3,4,1
679,5,3,2,3,3,3,3,2,5,5,4,1,5,3,4,4,4,1,5,3,4,2,5,4,3,1,5,5,5,3,3,5,3,1,2,2
680,5,3,2,2,1,2,2,1,5,2,5,3,5,4,5,5,2,3,1,5,5,3,5,5,3,3,5,5,5,1,1,3,4,2,1,1
681,5,4,4,3,4,2,4,5,5,2,3,5,5,2,5,2,5,5,1,5,5,4,5,4,3,2,5,5,4,3,3,4,4,1,3,2
682,5,5,4,3,2,4,4,3,5,5,4,4,5,4,3,4,4,4,4,4,1,4,4,4,3,3,4,4,4,2,4,3,4,1,2,4
683,4,4,4,2,3,3,3,4,4,3,4,3,4,3,4,3,2,5,2,5,2,4,4,2,4,5,5,4,4,3,5,3,3,2,4,2
684,5,3,2,5,5,3,3,5,5,4,3,3,3,3,5,1,5,1,1,5,1,1,5,5,5,4,5,5,5,5,5,4,4,1,1,1
685,5,5,5,1,1,2,3,5,4,1,2,4,2,2,3,2,4,1,1,5,2,4,5,4,2,1,5,3,1,1,2,2,1,1,3,1
686,5,3,3,2,3,3,4,4,3,2,3,4,3,4,4,1,4,3,2,5,1,2,5,4,4,4,5,1,4,3,4,3,3,3,2,1
687,2,4,4,4,4,4,3,4,4,3,3,3,3,3,3,3,3,3,3,3,3,3,3,3,3,,3,3,3,3,3,3,3,3,3,3
688,5,3,3,1,2,3,3,3,5,4,4,5,,3,5,3,2,1,1,5,2,3,5,4,2,3,4,5,3,1,4,3,2,3,1,3
689,5,4,4,3,1,3,4,4,5,1,5,3,1,1,2,1,4,1,1,5,3,5,5,5,1,3,5,5,3,1,1,3,5,1,3,1
690,5,3,3,1,2,2,1,4,4,1,2,4,2,2,2,2,4,3,2,5,3,3,5,4,3,3,3,5,5,3,5,5,3,3,3,1
691,5,4,4,1,2,3,2,2,4,1,3,3,3,3,4,4,3,3,2,5,2,4,4,2,4,3,2,3,3,4,4,4,4,3,3,2
692,5,3,4,2,2,2,3,3,4,4,2,4,2,4,5,5,4,2,2,5,3,4,5,4,3,3,5,4,2,2,2,3,2,1,1,1
693,5,3,2,3,3,3,3,4,5,5,4,4,3,4,4,4,2,2,2,5,2,5,5,3,5,5,3,4,5,3,5,5,5,5,3,3
694,5,3,3,2,2,3,2,4,3,2,1,4,3,3,3,3,4,4,1,4,5,5,5,2,2,1,3,3,1,1,3,2,4,2,1,1
695,5,3,3,3,4,5,2,3,5,4,2,3,3,5,5,1,5,4,3,5,4,5,5,3,4,5,4,4,5,2,4,5,5,5,5,3
696,5,4,4,2,2,3,5,5,4,2,2,5,3,4,4,4,4,3,4,4,1,1,5,5,3,2,5,5,3,1,5,4,5,2,2,2
697,5,3,3,5,3,1,5,5,3,1,1,3,1,3,,1,3,3,1,5,1,3,5,5,3,1,5,3,5,1,2,3,3,2,2,1
698,5,3,3,1,1,3,3,4,5,3,5,3,1,1,2,2,3,1,2,5,2,4,5,4,2,5,3,3,2,1,5,2,1,2,4,1
699,5,5,5,4,1,3,3,5,3,1,1,5,5,3,2,2,5,2,2,5,1,1,5,5,1,2,4,3,2,1,4,3,5,3,1,2
700,5,3,4,3,1,2,3,5,3,1,2,3,3,2,2,1,5,2,1,5,2,1,5,3,1,2,4,5,2,1,1,2,3,2,1,1
701,5,3,3,3,2,1,1,1,4,2,1,4,2,1,2,1,4,1,1,5,3,3,2,5,1,4,5,5,4,1,5,3,3,1,1,1
702,5,5,5,4,3,4,2,2,2,1,1,2,2,3,3,2,3,5,4,5,1,5,3,4,5,5,5,5,5,3,5,5,5,3,3,3
703,5,2,1,3,3,5,2,4,5,5,2,1,1,2,3,3,3,1,4,4,3,5,5,2,5,5,5,5,5,2,5,5,5,5,5,5
704,4,3,3,3,3,3,2,3,4,4,4,3,5,3,3,3,3,1,2,5,5,5,4,2,3,5,4,4,4,5,5,3,2,2,1,1
705,5,3,4,2,1,2,4,5,5,1,2,4,5,2,4,3,5,2,1,5,1,3,5,5,2,2,5,4,3,1,3,2,4,1,1,1
706,5,4,5,1,2,4,3,3,5,3,4,3,5,4,4,5,3,3,2,5,3,3,5,4,4,4,4,5,5,2,4,4,5,3,4,5
707,5,3,4,2,3,3,4,5,4,2,1,4,3,2,1,3,2,3,2,4,4,4,5,2,3,5,2,3,4,2,4,2,2,4,1,1
708,5,3,2,2,1,3,4,3,4,5,2,2,2,2,3,4,2,2,4,3,3,4,4,3,2,5,3,2,5,2,3,2,3,1,3,2
709,5,4,2,1,1,2,3,5,3,1,1,5,4,1,1,4,1,4,1,5,4,4,5,3,4,2,3,3,3,1,5,2,3,3,3,3
710,5,3,3,2,2,2,2,3,5,5,3,4,3,4,4,5,4,2,2,5,3,4,5,4,2,2,5,4,2,2,3,2,2,2,1,1
711,4,4,4,3,3,2,2,5,4,1,2,4,5,3,2,2,2,1,1,5,5,5,5,4,4,4,5,5,5,3,5,3,5,2,5,4
712,4,3,3,3,4,2,2,4,4,2,3,2,4,2,4,1,4,1,1,3,1,2,2,4,2,1,4,4,5,3,3,3,2,1,1,1
713,5,3,2,2,2,2,4,4,3,1,1,1,1,3,2,2,4,1,3,5,4,4,5,5,4,1,4,5,2,1,5,1,5,1,1,1
714,5,3,3,4,4,3,3,3,4,1,5,4,5,5,5,5,4,2,2,3,3,3,4,4,1,4,1,1,5,3,2,5,4,4,1,1
715,5,3,5,3,3,1,3,3,5,1,1,4,5,1,3,3,3,3,1,5,2,3,5,4,3,3,5,5,4,1,2,3,3,2,3,2
716,4,3,2,3,3,3,4,2,5,5,4,1,4,3,3,2,3,1,3,5,2,4,4,3,5,5,4,5,4,2,4,4,1,3,2,3
717,5,3,2,4,5,5,3,2,3,2,1,4,5,3,3,2,2,3,3,4,4,4,4,4,4,5,3,3,5,4,4,5,5,5,5,5
718,5,3,1,1,1,4,3,4,4,2,1,1,1,3,3,3,1,1,1,5,3,3,4,3,3,1,3,3,3,1,3,3,3,1,3,1
719,5,4,3,2,2,4,3,5,5,4,5,2,3,5,3,3,2,,4,5,3,3,5,2,4,3,3,2,4,4,5,3,3,2,1,1
720,4,3,3,1,3,3,1,5,3,3,2,2,3,2,2,2,2,3,1,5,3,5,3,3,3,5,3,3,5,3,4,3,3,2,4,2
721,4,3,4,2,1,5,3,3,2,4,2,4,4,5,3,5,4,2,4,5,1,5,4,4,3,2,5,5,4,1,4,5,4,3,2,3
722,5,3,3,5,1,5,3,4,4,1,1,1,1,3,3,4,3,1,2,4,1,1,4,3,1,1,3,3,4,1,4,1,1,4,3,2
723,5,3,3,3,2,5,3,5,5,2,2,4,3,5,4,5,5,2,2,5,1,4,3,3,3,5,5,4,5,2,1,3,3,3,2,2
724,5,3,4,2,3,3,4,5,4,1,1,2,1,4,3,2,2,1,2,5,1,4,5,5,3,3,5,5,4,2,2,5,3,4,3,1
725,4,3,5,3,3,2,5,5,3,2,2,3,3,3,4,2,5,2,3,5,3,4,5,5,3,2,4,4,3,2,3,2,4,2,2,2
726,5,4,4,2,2,4,1,4,2,1,1,4,1,4,2,4,3,3,1,5,1,2,4,1,3,4,1,1,4,1,3,5,3,5,1,3
727,5,3,2,4,2,1,1,5,2,1,1,5,5,3,2,1,2,4,1,5,5,4,5,3,2,4,3,4,1,2,5,2,5,2,1,1
728,5,2,2,1,3,1,1,5,5,3,3,2,2,3,3,1,5,5,1,3,3,3,5,3,2,3,4,4,4,4,5,1,1,1,3,3
729,5,4,5,1,3,2,5,5,2,1,1,5,2,2,3,3,2,3,1,5,5,3,5,3,1,5,4,4,5,1,5,5,3,2,5,1
730,5,3,2,2,2,5,4,4,5,4,3,4,4,3,5,4,3,3,3,,3,3,5,3,3,4,4,4,4,4,4,4,4,2,4,4
731,5,4,1,2,1,3,3,1,5,5,5,3,3,4,2,4,1,1,2,5,4,5,3,5,5,5,3,3,4,2,3,5,5,5,1,1
732,5,3,3,2,2,3,2,4,4,1,2,4,3,4,4,5,3,2,2,5,4,4,5,3,1,4,3,4,4,1,2,4,2,3,4,2
733,5,4,2,1,1,4,2,3,3,2,2,4,3,4,3,2,3,2,2,4,2,2,5,4,4,2,2,2,4,2,5,5,4,5,3,2
734,4,3,3,5,5,5,4,3,4,2,1,1,4,4,4,3,5,1,4,5,1,1,4,5,4,3,5,4,4,3,2,5,5,5,5,3
735,5,3,3,4,5,5,5,3,2,2,1,1,2,3,3,2,4,1,5,4,1,3,4,3,4,2,5,5,3,2,3,3,2,1,5,3
736,2,1,1,3,2,4,2,1,1,1,1,1,1,1,2,1,1,1,3,3,1,1,3,4,2,2,3,1,4,2,2,4,4,3,3,3
737,4,3,5,2,4,5,5,4,5,4,3,2,2,4,5,2,5,2,4,5,3,3,4,4,4,4,5,5,4,3,3,5,5,4,2,3
738,5,1,3,2,1,3,4,3,4,2,1,1,1,4,5,4,4,3,2,5,2,4,3,4,3,3,4,5,2,1,3,4,4,1,1,1
739,5,5,4,1,1,1,1,3,5,4,2,5,1,1,4,1,1,,2,5,5,5,5,1,1,5,1,2,2,4,5,1,1,3,4,4
740,5,5,3,3,4,4,4,4,5,5,3,1,2,2,5,2,3,3,4,5,5,4,5,2,5,5,5,5,4,5,5,5,4,5,5,5
741,4,3,5,2,2,2,2,4,4,2,1,5,2,3,3,3,3,2,1,5,3,5,5,2,4,5,3,3,4,3,5,4,3,5,3,2
742,5,3,3,5,1,5,3,3,3,1,1,1,2,5,4,4,4,1,5,5,1,1,4,4,2,1,5,4,3,1,3,5,1,1,5,3
743,5,3,1,3,4,5,3,2,4,2,1,3,4,2,3,4,5,5,2,5,2,3,5,4,3,5,5,5,4,5,5,3,5,3,4,3
744,2,3,2,2,2,2,2,2,4,4,4,3,3,3,3,4,2,1,1,1,1,1,4,5,2,2,4,4,4,2,2,1,2,2,3,3
745,5,4,2,3,,5,4,2,5,4,5,1,3,3,5,5,,,3,5,4,5,5,4,1,5,3,4,5,,5,3,1,1,1,3
746,5,3,3,4,3,2,2,3,4,2,2,1,3,2,3,2,,5,2,4,1,2,5,1,3,3,4,5,5,2,4,4,4,3,4,4
747,5,3,3,1,2,3,3,4,5,2,3,1,,3,4,4,4,2,2,5,5,5,5,5,3,2,3,4,2,1,4,1,1,1,5,1
748,5,3,4,3,1,5,4,4,2,4,3,5,4,5,2,5,3,3,5,5,1,4,3,3,3,2,5,5,5,1,4,5,4,2,1,2
749,5,3,3,3,3,5,4,3,4,4,5,3,3,3,3,3,3,3,3,5,4,3,5,4,5,3,5,5,5,3,3,3,3,2,2,2
750,5,3,2,4,4,1,1,1,5,3,3,1,1,3,5,5,1,1,1,5,1,1,5,3,5,5,3,3,3,3,4,4,4,1,1,1
751,5,3,5,5,2,5,3,3,3,1,1,5,1,5,4,5,5,1,4,4,3,4,5,4,4,4,5,5,5,3,3,4,5,2,4,3
752,5,3,2,4,1,5,5,5,5,3,4,1,2,3,3,3,4,2,5,5,2,2,5,5,5,1,4,2,3,1,5,2,2,1,1,1
753,5,4,5,2,1,3,4,5,3,1,3,4,2,4,2,2,5,4,2,4,1,2,4,5,1,4,3,3,2,1,2,3,5,1,3,1
754,5,3,3,2,2,4,3,3,4,2,2,1,3,2,5,5,3,1,2,5,2,2,4,3,2,4,5,5,4,2,2,4,4,4,1,1
755,4,4,2,1,3,2,1,4,3,2,3,4,3,3,3,2,4,3,3,4,3,4,4,4,5,3,2,2,4,2,5,3,2,4,4,3
756,5,3,2,2,3,3,3,3,5,5,4,1,4,4,5,2,3,1,1,5,4,5,5,4,3,2,2,1,1,2,1,3,3,3,4,4
757,5,4,3,,4,,3,4,5,5,5,2,5,3,4,4,3,4,2,5,5,5,5,3,5,4,4,4,4,4,5,5,4,3,3,3
758,5,3,5,3,3,5,5,2,3,1,2,5,5,5,3,2,5,5,3,5,1,3,3,5,1,5,2,3,5,3,2,2,4,1,1,4
759,5,5,4,1,1,2,1,3,1,1,1,3,1,1,2,2,1,5,1,5,5,5,5,3,5,5,5,5,4,2,5,2,2,1,3,4
760,5,3,5,4,3,5,5,5,4,3,3,3,3,4,5,4,4,2,5,5,1,3,5,5,5,3,5,5,5,3,5,5,4,2,4,2
761,5,3,5,2,2,2,2,5,5,4,4,2,3,2,4,4,2,3,2,5,3,4,4,4,4,3,2,4,3,2,3,4,3,5,3,3
762,5,4,3,1,1,1,1,4,1,1,2,5,5,1,1,3,1,2,1,5,4,3,5,1,3,2,1,1,2,1,5,2,2,3,3,3
763,5,3,4,1,1,1,1,3,3,1,3,4,5,1,3,5,1,3,1,5,5,5,5,3,2,3,2,2,4,3,5,5,3,5,3,3
764,5,3,3,2,1,3,3,3,5,3,5,1,1,3,3,4,1,3,3,5,2,3,4,3,4,4,2,5,5,2,3,5,2,3,1,1
765,5,2,3,1,2,3,4,5,3,1,2,2,2,3,3,2,4,1,3,5,1,2,5,4,2,3,4,4,4,1,3,3,4,1,2,2
766,5,3,2,1,2,4,3,4,5,5,5,2,2,3,5,4,2,2,1,5,3,3,5,2,5,2,4,4,3,2,5,2,5,1,3,4
767,5,5,5,5,5,4,4,4,4,5,4,4,4,4,5,3,4,4,4,5,2,3,3,3,4,4,3,4,4,4,4,4,4,4,3,3
768,1,1,2,3,4,3,3,2,2,5,2,2,2,3,4,4,3,2,3,4,4,4,4,4,4,4,4,4,4,4,4,3,2,4,3,1
769,4,3,3,1,2,3,1,4,3,2,2,5,3,3,3,3,3,3,1,4,5,5,5,3,1,3,3,3,3,1,5,3,3,3,2,2
770,3,3,3,3,3,3,3,3,3,3,3,3,3,3,3,3,3,3,3,5,5,5,5,5,5,5,5,5,5,5,5,4,4,4,4,4
771,1,1,1,1,1,1,1,1,1,1,1,1,1,1,1,1,1,1,1,4,4,3,3,2,2,1,1,5,5,4,3,1,2,3,2,3
772,5,2,2,4,4,4,2,3,5,5,4,2,3,2,3,2,2,1,4,5,1,4,3,2,5,5,3,3,4,3,5,3,2,4,3,1
773,5,4,3,1,2,4,3,4,2,1,1,4,1,1,4,2,4,1,2,5,3,3,5,4,4,3,4,3,2,1,3,3,4,3,1,1
774,5,4,4,2,2,2,2,3,5,5,3,4,3,5,4,4,4,2,2,5,5,5,5,5,5,5,5,5,5,5,5,3,3,3,3,3
775,3,3,2,1,1,4,3,2,2,1,1,2,2,3,3,2,3,1,4,4,1,1,4,3,3,3,4,2,4,3,4,4,3,4,2,1
776,5,3,2,1,1,4,3,3,4,1,2,4,2,2,3,4,4,5,4,5,2,3,5,5,3,1,4,5,5,2,3,3,4,2,2,2
777,5,3,,5,1,3,3,4,5,1,1,3,1,3,5,2,5,5,3,5,1,3,5,5,3,5,5,5,5,5,5,5,3,5,1,1
778,5,5,3,1,2,3,2,5,3,1,1,5,3,3,3,3,3,3,2,5,3,3,4,,4,3,,4,1,,4,2,2,3,1,1
779,5,3,2,1,1,1,3,5,2,1,1,3,2,1,2,1,1,1,1,5,3,3,5,5,1,1,4,3,2,1,2,2,3,1,2,1
780,5,3,3,3,4,4,4,3,3,2,2,4,2,5,3,4,2,3,3,5,1,1,5,3,1,3,5,5,5,3,3,5,5,4,2,2
781,5,3,3,1,2,2,3,4,4,1,2,3,3,3,3,2,4,4,2,5,3,4,5,5,3,3,3,4,5,3,4,5,4,4,4,1
782,4,2,4,1,2,3,2,3,3,1,1,1,1,4,4,1,3,2,3,4,4,2,4,3,2,1,5,5,5,1,2,5,5,2,1,1
783,5,3,2,3,4,4,4,3,5,5,5,2,5,5,5,5,4,2,3,5,5,4,5,3,5,3,3,4,5,5,4,2,5,1,3,3
784,5,3,2,5,2,4,5,4,5,4,1,2,3,3,3,2,3,4,3,5,5,5,5,5,5,5,5,5,5,5,5,5,3,3,2,3
785,4,3,4,3,1,4,4,4,3,1,1,3,3,5,2,2,3,4,3,5,1,4,5,4,3,2,4,5,3,1,4,4,5,5,2,2
786,4,4,3,3,3,3,4,5,2,3,3,4,3,3,2,3,3,1,3,5,3,4,5,3,4,3,2,3,2,2,5,5,3,4,1,1
787,5,3,3,2,2,4,3,4,5,4,1,2,2,5,5,4,4,3,2,4,2,4,4,4,5,5,3,4,4,1,5,4,2,4,2,2
788,5,3,2,2,1,2,4,5,2,2,1,5,3,2,3,3,3,3,1,5,3,3,5,4,3,5,5,5,3,2,4,5,4,5,3,2
789,5,3,2,1,2,3,3,4,3,2,3,4,4,2,2,4,3,1,2,4,1,3,4,3,2,3,4,4,2,1,,2,3,3,1,1
790,5,5,4,3,3,5,3,5,4,1,2,4,1,1,1,3,3,4,4,5,4,4,5,3,5,1,5,4,3,1,3,3,2,1,1,1
791,5,5,3,2,2,4,1,2,5,5,4,2,1,1,5,5,1,4,1,5,5,5,4,3,5,2,2,5,5,2,4,3,4,1,3,4
792,5,3,3,1,1,3,1,3,2,1,1,4,3,5,3,4,3,3,2,5,2,2,3,2,3,1,4,4,5,1,3,3,5,2,1,1
793,5,4,3,2,2,3,1,3,4,3,2,4,3,3,1,1,3,3,1,3,2,4,4,4,2,3,2,1,4,3,5,4,3,2,1,1
794,2,3,3,1,2,3,3,3,2,4,2,5,3,4,3,3,4,4,2,5,5,5,5,2,4,3,3,3,3,3,4,3,3,3,4,4
795,4,5,3,1,1,1,1,5,2,1,1,5,1,1,1,1,1,1,1,5,5,5,5,2,4,5,2,2,2,1,5,2,1,2,1,1
796,5,1,5,1,5,1,5,1,5,1,5,1,5,1,5,1,5,1,5,4,2,4,2,4,2,4,2,4,2,4,2,4,4,4,4,4
797,3,5,3,2,2,4,3,5,1,4,3,4,4,2,4,3,4,2,3,3,3,4,4,5,3,3,2,3,3,3,3,3,4,4,4,4
798,5,1,5,1,2,3,4,2,2,1,1,5,2,2,2,2,1,3,1,5,3,4,3,4,5,3,5,3,2,2,5,2,2,3,2,1
799,5,3,3,2,1,4,3,4,5,3,3,3,3,2,2,3,2,2,2,5,4,5,4,1,1,5,3,3,3,4,5,5,4,5,2,2
800,5,3,1,2,3,4,5,2,4,5,4,1,1,2,4,4,2,2,4,5,1,1,4,3,4,4,3,4,5,3,3,4,2,3,4,3
801,5,3,4,1,1,2,4,4,3,1,4,4,1,1,3,1,1,1,1,5,4,4,5,4,2,5,3,5,1,2,5,1,1,2,4,3
802,4,5,5,1,1,1,1,4,5,3,2,1,1,1,5,3,1,4,1,5,4,4,5,1,2,5,2,3,4,2,5,2,1,1,1,2
803,5,5,5,3,2,2,2,5,4,4,3,5,3,1,3,3,2,4,2,5,3,3,5,4,4,2,4,5,4,1,4,3,3,1,1,1
804,5,5,2,1,1,2,4,3,5,4,5,1,1,2,3,2,1,1,2,5,3,4,5,4,1,2,3,2,2,1,2,3,3,3,1,1
805,5,1,4,1,1,4,4,5,5,3,4,4,4,4,4,2,2,2,2,5,5,4,5,5,2,2,5,5,3,2,5,1,3,3,1,1
806,5,4,4,3,1,3,5,5,5,5,5,3,4,2,5,4,3,3,3,2,2,2,3,3,2,2,4,5,4,1,2,5,4,3,1,1
807,1,1,1,1,1,1,1,1,1,1,1,1,1,1,1,1,1,1,1,5,5,4,,4,3,5,2,3,4,3,5,5,5,5,1,1
808,3,3,1,3,3,5,5,3,2,2,2,1,1,1,3,1,1,1,4,5,1,2,5,4,4,4,4,4,5,4,5,3,3,5,1,1
809,5,4,3,1,2,3,2,5,5,3,4,3,2,1,2,2,2,3,1,5,5,5,5,2,3,2,5,5,4,2,5,2,2,1,1,1
810,4,3,4,1,1,2,1,2,2,2,1,4,1,1,3,1,1,1,1,4,3,1,5,5,3,5,2,2,4,2,5,4,3,5,1,1
811,5,3,2,3,4,5,5,1,5,5,3,1,3,4,5,4,2,1,5,5,3,5,5,4,5,4,5,5,4,4,5,4,4,2,1,1
812,5,3,2,3,3,4,2,3,5,4,4,3,2,3,4,4,2,1,4,4,3,4,4,3,4,3,3,3,5,2,2,4,5,4,2,3
813,5,4,1,1,1,1,1,1,1,1,1,2,1,1,2,1,1,1,1,5,2,1,4,4,1,4,1,1,2,1,4,5,1,1,1,1
814,5,4,2,1,1,1,1,2,2,3,1,2,1,1,3,1,1,1,1,5,2,1,5,4,2,5,1,2,3,1,5,3,1,1,1,1
815,5,4,4,3,1,5,4,4,3,2,3,5,4,3,,1,2,5,4,5,4,2,5,4,3,2,4,4,3,3,4,3,4,3,3,2
816,5,5,2,3,4,3,1,2,5,5,3,5,4,4,5,2,4,2,2,5,1,5,5,3,3,4,4,3,5,5,5,4,5,3,4,4
817,5,4,3,3,1,4,3,4,5,5,5,4,4,5,5,5,4,3,2,5,5,1,5,4,4,5,4,5,5,2,1,5,4,5,3,3
818,3,4,1,1,1,1,2,5,5,2,2,5,4,4,5,1,1,1,2,3,3,2,4,5,3,3,4,5,1,4,3,1,1,4,1,1
819,4,4,3,3,1,4,1,4,4,4,3,2,1,1,3,3,1,4,1,3,5,5,5,1,2,4,3,4,5,4,5,4,2,4,1,1
820,5,5,3,1,2,2,1,4,2,1,2,3,2,1,1,2,5,2,1,4,1,1,4,2,2,2,3,2,5,1,2,3,3,3,3,3
821,5,3,2,2,2,4,5,3,5,2,2,4,4,4,4,5,3,1,4,5,1,2,5,5,3,3,3,2,3,4,2,2,5,1,3,1
822,5,3,2,2,2,5,4,4,5,5,5,1,3,4,5,5,2,1,4,5,3,5,5,4,5,3,5,5,3,3,5,5,4,1,1,1
823,5,4,3,1,1,2,3,5,4,1,3,5,4,3,3,3,4,1,2,3,2,2,4,2,3,3,3,4,2,2,3,4,2,2,1,1
824,5,2,3,2,2,3,1,3,2,1,1,5,2,2,1,3,3,3,1,4,5,4,5,3,2,2,3,2,5,1,5,4,4,3,1,1
825,5,3,1,1,2,5,1,3,5,3,2,1,3,2,5,3,2,1,5,5,1,3,4,2,1,1,5,5,5,4,3,5,1,1,1,1
826,4,3,1,3,1,4,2,2,5,4,2,1,2,2,2,4,2,1,2,5,4,3,3,3,4,4,5,5,5,2,2,2,2,1,2,1
827,5,3,3,3,1,4,4,4,5,3,3,3,3,5,5,3,4,1,4,5,2,2,4,4,1,3,4,4,3,2,2,4,3,1,1,1
828,5,3,3,4,3,4,5,4,5,3,3,2,4,3,5,5,2,1,2,4,1,2,4,4,3,2,4,2,2,2,1,2,3,2,1,1
829,1,3,4,1,2,1,2,4,5,3,4,5,2,1,3,3,4,4,1,5,4,5,4,3,2,4,2,3,3,2,5,2,1,4,3,2
830,5,3,1,2,2,5,4,3,5,5,4,3,2,4,4,4,2,1,3,5,3,4,5,3,5,3,4,4,2,2,5,3,4,5,2,1
831,5,3,4,2,1,3,2,4,3,1,1,5,4,4,3,3,5,2,3,5,3,2,5,5,5,2,2,2,5,1,2,4,4,1,5,4
832,5,,4,2,4,4,4,5,4,3,4,5,4,4,5,3,4,3,4,5,5,5,5,4,4,4,4,4,3,3,4,4,3,3,3,2
833,5,3,3,4,5,5,5,2,5,3,4,1,4,4,5,3,4,1,5,3,1,1,4,3,2,1,5,5,5,2,3,3,3,3,1,2
834,3,3,2,1,1,4,3,3,4,1,1,1,1,5,3,5,2,2,4,5,2,2,5,3,2,2,2,2,4,2,3,3,5,5,2,4
835,4,3,4,3,2,4,4,3,5,4,2,2,2,2,3,2,2,2,3,5,3,4,4,3,4,4,3,3,4,3,4,2,2,3,1,2
836,4,3,3,2,2,2,3,5,4,1,1,1,4,3,3,3,3,1,1,5,1,3,5,4,4,4,3,3,4,5,5,4,1,1,4,4
837,5,3,2,1,1,2,3,4,5,5,5,4,3,5,4,3,1,1,3,5,2,2,5,4,4,4,4,4,3,3,3,2,3,4,1,1
838,5,3,4,3,2,5,3,2,5,5,4,2,4,5,5,4,5,1,3,4,1,3,5,4,1,5,5,5,5,5,4,3,2,4,4,5
839,5,5,4,1,1,1,2,5,4,1,1,4,5,3,4,4,4,2,1,5,5,4,5,3,2,1,4,5,2,1,4,2,1,1,1,1
840,4,3,4,2,1,2,4,4,3,1,2,3,3,3,4,4,4,1,2,5,4,3,4,4,3,2,5,5,2,2,2,2,3,3,1,1
841,5,4,2,3,3,1,4,5,5,1,1,4,3,3,2,2,4,1,2,4,4,5,4,3,1,2,4,3,2,1,3,1,4,3,3,2
842,5,5,4,3,3,2,1,4,4,3,4,5,2,2,2,3,2,5,1,3,3,3,5,2,2,2,3,5,2,2,4,3,1,1,1,1
843,,5,4,2,1,3,3,4,5,1,4,1,3,2,2,5,2,2,1,5,1,5,5,5,5,4,3,3,5,1,5,5,2,3,2,2
844,5,4,4,2,3,3,3,4,4,2,2,5,3,2,2,1,3,3,2,5,2,3,5,3,2,5,4,4,5,2,3,5,3,5,1,1
845,5,4,2,5,4,5,5,2,3,2,3,2,3,5,4,4,3,4,5,5,5,3,5,5,1,4,3,2,5,3,5,5,4,5,5,5
846,4,4,3,1,1,1,3,5,1,1,1,4,2,2,1,1,3,1,1,5,2,2,5,5,4,4,5,5,3,1,2,5,3,3,2,1
847,5,3,5,2,2,3,3,4,2,1,1,4,2,4,2,2,3,5,3,5,3,3,5,5,5,2,2,4,4,2,3,2,1,1,2,2
848,5,2,3,4,2,5,5,5,5,2,2,1,4,4,5,5,2,1,4,5,1,2,5,5,3,3,5,5,4,1,2,3,4,1,1,1
849,5,2,2,1,1,3,1,3,5,3,4,1,4,2,3,5,1,2,1,3,1,2,3,4,4,2,1,2,1,1,3,1,5,2,1,2
850,3,2,1,4,4,5,3,2,2,1,1,1,2,4,2,1,3,1,5,5,1,3,4,5,2,2,5,5,3,2,3,1,2,3,5,4
851,4,3,4,1,2,3,4,4,2,1,1,4,4,3,3,1,1,1,1,5,1,4,5,2,3,1,5,5,5,1,4,2,3,1,1,1
852,5,5,3,1,1,2,2,2,2,1,2,5,3,2,2,2,2,5,1,5,5,5,5,5,2,5,3,3,5,2,5,4,5,4,5,2
853,5,4,2,1,2,2,1,2,2,1,1,5,3,2,2,2,3,3,1,5,3,5,5,2,5,5,3,3,4,2,5,4,4,1,3,1
854,5,3,4,4,2,3,4,3,3,1,1,2,3,2,2,2,3,1,4,5,3,3,5,5,,3,5,3,4,4,3,3,3,2,3,3
855,5,2,4,2,1,1,2,3,3,1,1,5,3,3,2,2,2,1,1,4,3,3,5,5,3,2,2,2,3,1,4,2,1,2,3,3
856,5,4,5,3,3,3,2,5,4,3,4,5,4,2,3,2,4,4,2,5,3,4,5,3,4,4,4,4,5,4,5,4,4,3,4,4
857,5,3,3,2,1,3,4,4,5,3,3,3,3,5,3,2,4,3,3,5,2,3,3,2,4,3,3,2,4,4,5,4,2,3,4,1
858,5,4,4,2,3,3,5,4,3,1,2,2,3,3,3,4,2,5,2,5,4,4,5,3,4,4,5,5,3,3,4,2,3,1,1,1
859,3,1,3,3,2,5,,2,3,3,1,1,5,5,5,3,1,1,1,5,4,4,5,3,5,5,5,5,4,5,5,5,3,3,2,1
860,5,3,4,4,2,3,3,4,3,2,2,5,3,3,3,2,3,4,2,5,4,4,5,1,2,5,4,4,4,2,4,3,1,4,2,1
861,5,3,4,3,3,3,3,3,4,4,3,4,3,3,1,3,2,5,3,5,4,4,4,3,5,4,4,4,4,2,4,3,5,4,1,3
862,5,3,3,2,1,3,1,3,5,1,2,1,3,3,3,4,1,2,1,5,2,4,4,3,5,5,4,4,,1,5,4,2,4,2,1
863,5,4,4,2,2,3,2,5,4,3,1,4,3,4,2,3,5,4,2,5,5,4,5,4,3,4,5,4,4,3,5,3,2,4,4,2
864,5,5,3,2,2,4,4,3,2,1,1,2,2,3,3,4,1,5,2,5,4,3,5,2,4,4,5,4,2,1,4,3,4,1,1,1
865,5,3,3,2,3,3,4,3,5,4,4,4,3,3,4,4,2,3,3,5,3,5,5,4,5,4,5,5,3,3,4,4,4,2,3,1
866,4,2,4,3,2,3,4,3,4,2,3,4,2,1,2,4,3,2,2,5,4,4,4,3,4,5,2,3,2,4,2,2,2,3,3,2
867,4,3,2,3,3,4,4,2,5,4,4,3,4,2,4,4,1,1,3,3,1,3,4,2,4,5,2,3,4,4,4,5,4,3,2,3
868,5,3,4,2,4,2,3,4,3,1,1,1,3,1,3,3,4,1,1,5,1,2,5,3,2,2,3,4,4,2,4,4,5,4,3,3
869,5,4,3,4,3,2,4,4,,3,2,5,2,2,3,1,3,2,2,4,3,2,5,5,2,3,3,4,1,2,4,2,1,3,2,2
870,5,3,2,1,2,5,4,4,5,3,3,2,1,3,5,5,2,1,1,5,2,2,4,4,1,5,5,5,5,2,2,5,5,1,1,1
871,5,4,4,2,1,2,1,5,3,3,2,3,1,1,1,2,3,4,1,5,3,3,4,4,2,2,3,4,2,2,2,2,2,3,3,2
872,5,3,3,2,1,4,3,3,5,4,2,2,3,4,5,4,2,3,3,5,2,3,5,4,2,3,4,5,4,2,4,5,4,4,5,5
873,5,3,2,3,1,3,3,3,5,3,2,2,2,3,2,5,1,4,1,5,2,4,4,3,4,3,2,3,3,2,4,2,3,1,1,4
874,4,4,4,2,2,3,3,3,4,2,1,3,3,3,3,3,2,4,3,5,4,3,5,3,5,5,3,3,5,2,4,3,4,2,2,1
875,5,3,5,1,1,1,2,3,2,1,2,3,2,2,2,2,5,3,1,5,4,4,4,4,2,3,2,3,2,1,4,3,3,2,1,1
876,5,3,3,1,1,1,,3,2,1,1,4,1,1,1,3,1,4,1,5,1,3,3,3,3,2,4,4,3,1,5,1,4,1,1,1
877,5,3,3,1,2,3,1,4,1,1,1,5,5,4,4,1,3,3,1,5,2,3,5,4,5,5,4,5,4,2,4,2,2,4,5,4
878,5,3,1,3,5,3,1,1,5,3,4,3,3,4,5,5,2,1,1,5,1,3,3,3,1,5,3,4,5,1,5,4,5,5,3,1
879,4,2,2,2,2,4,5,4,4,2,2,5,4,4,4,3,2,4,3,5,4,4,5,4,2,4,4,4,2,2,4,2,4,4,4,2
880,4,5,5,1,4,2,1,2,4,5,3,2,1,2,4,4,2,5,2,5,5,5,5,1,4,2,2,2,4,2,5,2,2,3,4,5
881,5,3,5,1,2,1,2,3,2,1,3,4,2,2,2,1,5,4,1,5,4,4,4,4,3,3,2,3,2,1,5,3,3,2,1,1
882,5,3,1,1,3,5,5,4,5,2,2,1,1,4,5,5,2,1,1,5,2,1,5,5,1,5,5,5,5,2,2,5,4,2,1,1
883,5,4,4,1,1,2,1,2,4,3,5,3,2,2,3,2,1,4,1,5,1,3,5,5,1,1,4,4,1,1,3,3,3,1,1,1
884,5,3,3,1,1,2,3,4,3,1,1,2,3,4,3,3,4,3,1,5,2,3,5,5,5,2,5,4,2,1,4,4,4,3,1,1
885,5,3,4,2,1,4,1,4,5,3,4,3,4,4,4,5,1,4,1,5,1,2,5,5,3,1,5,5,4,1,5,3,2,1,4,2
886,3,4,3,2,2,2,3,4,4,4,1,5,4,2,3,1,1,3,1,4,2,4,4,3,1,5,4,4,3,1,2,3,2,2,2,1
887,5,5,3,2,1,3,1,3,4,5,4,1,1,1,3,4,1,2,1,5,5,5,2,1,5,4,1,2,1,1,5,1,1,4,4,4
888,4,3,3,2,4,,3,2,5,3,2,4,3,2,3,2,1,3,2,2,3,2,4,2,3,2,4,2,3,3,4,2,3,2,3,1
889,5,3,3,2,1,2,2,4,4,3,2,2,1,2,4,2,5,2,2,5,4,5,5,5,1,4,4,1,4,2,2,4,5,3,1,1
890,5,3,3,3,4,5,3,3,4,3,2,2,3,3,5,4,2,2,2,5,3,4,5,5,4,4,4,4,5,2,3,5,3,1,1,1
891,5,3,5,1,2,3,2,4,3,1,1,4,2,2,3,1,1,4,1,5,2,2,5,3,5,4,2,2,1,2,5,1,1,1,4,4
892,5,3,4,3,2,1,3,4,4,2,2,2,4,1,3,2,2,3,1,5,3,5,5,3,5,5,4,5,,3,5,4,3,3,2,1
893,5,3,3,3,2,2,3,3,5,3,2,3,2,2,3,1,2,1,2,5,2,3,5,3,2,3,3,4,4,1,3,3,2,3,4,4
894,5,3,2,3,4,3,2,2,4,3,2,4,3,2,3,2,2,3,4,2,3,2,4,3,2,3,3,2,4,3,2,2,2,3,3,2
895,5,4,3,1,1,2,3,3,5,3,2,2,4,3,4,2,2,1,1,5,2,3,5,5,4,4,5,5,4,2,2,2,3,1,1,1
896,4,4,4,2,3,2,2,3,3,1,,4,3,3,2,1,2,3,2,4,3,3,5,2,3,3,3,3,3,2,4,2,2,2,1,2
897,5,3,2,3,4,3,4,2,5,3,3,1,2,4,4,4,3,1,2,5,4,4,3,2,2,3,2,2,3,2,3,4,2,4,1,1
898,5,3,2,2,3,1,2,4,3,1,2,3,2,3,2,4,3,2,3,4,2,3,2,3,2,4,3,2,3,3,2,2,3,2,4,2
899,5,3,2,2,1,3,2,2,5,2,3,1,3,5,5,5,3,1,1,5,1,5,3,3,3,3,3,3,5,3,1,4,4,4,1,1
900,5,3,2,,2,2,1,3,3,2,2,5,3,3,1,3,1,1,1,3,2,3,3,3,3,3,2,3,4,,2,4,4,4,3,3
901,5,2,2,1,2,3,4,3,3,1,1,2,4,4,2,1,3,1,3,4,2,4,5,5,4,4,4,3,2,1,5,2,3,5,2,1
902,4,3,1,2,2,2,2,3,3,1,2,1,2,3,3,2,2,1,2,5,2,4,5,5,4,5,2,2,4,2,4,4,2,5,1,1
903,5,3,1,2,2,3,1,2,3,2,3,5,4,3,3,2,2,2,1,5,3,2,4,2,3,5,2,3,5,4,3,4,4,1,3,3
904,5,5,2,4,3,2,1,1,5,5,4,2,3,5,4,4,3,1,1,3,2,2,5,1,5,5,3,4,4,3,3,5,1,3,5,3
905,3,3,2,1,2,2,5,5,3,1,1,2,2,2,3,1,5,1,2,5,2,3,4,5,3,2,4,4,3,1,3,3,3,3,2,2
906,5,3,4,3,3,2,2,4,4,1,3,5,3,3,3,2,2,3,2,5,3,4,5,4,5,5,4,4,5,3,5,5,2,4,1,1
907,5,3,5,3,1,5,5,2,1,1,1,2,3,4,3,5,5,5,4,5,5,3,3,1,4,5,5,5,5,1,2,5,2,4,1,1
908,5,4,4,3,2,2,3,5,3,2,3,3,3,2,2,1,3,1,1,4,2,2,5,5,2,2,5,5,3,2,4,2,2,2,2,1
909,5,2,3,2,3,2,1,4,4,3,3,2,2,3,2,2,2,3,2,5,3,4,3,4,3,2,3,2,4,3,3,2,2,3,2,4
910,5,3,4,3,2,3,4,4,3,2,3,4,4,2,5,3,2,2,3,3,4,2,2,2,4,4,4,3,2,2,3,3,4,3,2,2
911,5,4,2,1,1,3,4,4,5,1,1,4,4,5,5,5,4,1,2,5,1,4,5,5,2,4,5,5,5,2,5,5,3,4,4,2
912,5,3,2,2,1,4,5,3,5,5,4,1,1,3,4,5,4,1,5,4,1,1,4,4,1,4,4,4,5,1,5,5,4,3,5,
913,5,4,4,2,1,1,1,4,3,2,4,3,3,2,4,2,3,3,2,4,2,3,4,3,2,4,2,3,4,2,3,4,2,2,3,2
914,5,3,4,4,2,4,3,3,4,1,3,1,2,4,4,4,2,3,4,5,2,3,2,2,2,2,3,4,4,3,4,4,4,3,3,1
915,5,4,2,3,1,5,3,3,5,4,4,2,3,4,5,5,5,2,4,5,1,4,3,2,4,4,4,3,3,3,2,5,4,4,3,2
916,4,4,5,2,3,1,3,4,4,3,1,4,2,2,3,3,3,4,1,5,4,4,5,4,4,3,4,5,2,3,2,1,2,2,2,1
917,4,3,2,2,1,3,1,3,5,4,4,1,3,3,5,4,1,1,1,5,1,4,4,2,2,3,1,1,1,2,3,4,2,5,1,1
918,5,4,2,2,2,3,2,2,5,4,4,2,2,2,4,4,2,3,2,5,3,4,4,3,3,4,1,2,3,4,4,3,2,3,3,2
919,4,3,2,2,1,2,4,4,5,5,5,3,4,,,2,4,1,3,5,3,3,4,2,1,4,4,3,2,1,,5,4,3,2,2
920,5,1,3,2,1,3,1,3,4,4,3,3,3,3,3,5,5,1,2,5,5,3,4,5,3,3,5,4,4,2,3,5,5,3,2,1
921,4,4,3,3,3,3,5,3,4,3,3,2,3,3,5,1,3,1,3,3,5,3,4,2,2,3,3,3,3,1,3,3,5,2,1,1
922,5,3,4,2,2,1,1,4,3,2,3,4,2,3,2,3,2,3,2,4,3,2,3,3,3,2,3,3,1,2,3,2,2,2,3,3
923,5,3,5,1,1,3,2,5,3,1,1,4,3,2,1,1,2,4,3,5,3,4,5,5,1,2,3,3,5,1,5,2,5,5,3,4
924,5,4,2,2,1,5,2,4,4,2,5,3,1,4,5,5,2,3,3,5,4,4,5,3,2,3,5,5,4,2,2,3,2,2,1,2
925,5,3,3,1,1,1,1,3,2,1,1,2,2,1,1,1,1,1,1,5,3,5,5,2,1,5,5,5,4,1,1,3,4,2,1,1
926,5,3,4,3,3,2,4,3,2,1,1,3,,4,3,2,5,2,3,5,4,4,5,5,2,2,4,4,2,1,1,3,4,1,1,1
927,5,3,3,2,2,2,2,2,4,3,3,1,2,2,2,5,2,1,2,5,4,4,4,2,2,2,3,3,5,1,5,2,1,3,3,1
928,5,3,5,1,1,1,1,5,3,1,2,4,4,1,2,3,1,3,1,5,2,3,5,5,4,4,5,5,3,1,4,1,5,1,1,1
929,5,3,4,2,2,5,3,4,3,2,2,4,4,2,4,3,4,3,3,5,5,4,5,5,3,2,5,5,5,2,3,3,2,2,1,1
930,3,2,3,5,1,4,2,4,2,3,4,2,5,2,3,5,3,3,3,3,2,4,1,4,4,4,4,4,3,3,3,4,3,3,3,3
931,5,3,3,2,1,2,3,3,2,2,3,5,3,1,1,1,3,3,2,5,3,2,5,5,2,3,5,5,3,2,3,3,2,2,1,2
932,5,3,4,2,2,1,3,4,3,4,3,2,3,2,3,1,2,2,3,5,4,4,3,4,4,5,5,4,3,4,5,1,2,3,2,1
933,5,3,4,2,2,1,3,5,3,2,1,4,3,2,2,1,3,4,2,5,1,1,5,4,3,1,5,4,2,1,3,1,1,2,3,1
934,5,3,2,2,3,5,4,3,4,2,3,1,4,5,5,4,3,1,2,5,3,4,4,4,4,4,4,4,4,2,2,4,1,4,2,1
935,5,3,3,2,2,2,3,3,4,5,4,2,2,2,2,3,3,4,1,5,5,5,3,2,3,2,3,2,2,2,4,2,5,2,2,2
936,5,3,3,1,1,1,2,5,2,1,1,2,1,1,1,1,3,1,1,5,1,1,5,5,2,2,5,3,2,1,2,3,1,1,1,1
937,4,3,2,3,2,3,1,4,3,4,4,2,3,4,3,2,3,3,2,4,2,3,4,4,3,3,4,3,3,3,4,2,2,1,2,1
938,5,3,4,1,1,5,4,5,5,4,5,4,5,5,5,5,5,2,5,5,1,3,5,5,4,2,4,5,3,5,5,3,5,1,5,4
939,5,3,2,5,1,5,1,4,5,2,4,4,1,3,5,5,1,5,3,5,1,5,4,2,5,1,5,4,5,1,5,4,4,3,5,3
940,4,3,4,1,4,5,3,4,4,1,2,1,2,3,4,3,4,4,2,5,4,2,5,5,4,1,3,5,4,2,1,2,5,2,3,4
941,5,3,2,1,1,3,3,3,3,1,1,4,,5,2,2,1,5,1,,4,2,5,3,5,5,4,3,5,4,5,4,3,2,3,3
942,5,3,3,2,1,2,2,4,4,3,3,4,5,4,4,4,3,1,1,5,1,2,3,4,2,3,3,3,2,1,4,2,4,5,2,1
943,5,2,5,3,2,4,1,4,2,1,2,1,3,5,3,3,3,5,2,5,5,4,5,3,3,4,4,2,3,4,4,4,3,4,1,1
944,4,3,3,2,1,5,2,3,,1,4,4,4,4,3,3,3,2,2,5,5,4,5,4,2,3,3,5,4,2,3,3,2,3,4,3
945,5,4,3,3,2,4,3,5,4,1,1,2,1,3,3,2,3,2,3,5,4,4,5,4,5,4,5,5,3,1,5,4,2,3,2,3
946,5,2,5,2,3,3,3,4,4,4,4,5,4,2,4,3,4,1,3,3,4,4,4,2,5,5,3,5,2,4,5,4,2,3,5,5
947,5,5,2,1,2,4,3,3,5,5,5,2,1,4,5,4,2,2,3,5,1,4,4,3,5,5,5,5,3,3,5,3,2,1,1,1
948,5,3,3,1,1,2,1,3,3,3,2,4,3,2,1,2,1,1,1,4,2,2,3,4,3,3,4,4,2,1,3,2,1,1,1,1
949,5,3,4,3,2,3,4,4,3,1,1,2,3,2,3,2,4,2,2,5,4,3,5,5,4,2,5,5,4,3,3,4,2,2,5,4
950,5,3,3,2,3,1,2,3,4,3,3,2,3,3,3,2,3,2,1,5,5,4,5,3,4,2,5,,5,1,5,1,3,1,2,1
951,5,3,2,3,,4,2,4,5,5,5,4,4,3,4,2,2,3,3,5,2,3,5,3,5,3,3,4,2,4,5,4,1,3,1,1
952,4,3,4,1,1,1,1,4,3,2,2,4,5,3,5,4,1,5,1,5,5,5,4,2,5,3,2,4,2,2,5,1,1,2,3,4
953,5,2,3,3,3,4,3,4,5,3,3,1,3,3,3,4,4,4,2,4,2,3,5,4,5,4,5,5,4,4,4,3,2,3,5,4
954,5,3,3,1,3,3,3,5,4,1,4,4,4,4,4,3,5,1,1,5,1,4,4,4,4,3,4,5,4,2,4,4,4,3,3,2
955,5,3,5,3,2,2,3,3,3,1,2,4,4,3,3,2,5,4,3,4,2,4,4,5,2,3,5,3,4,2,4,2,5,1,4,1
956,5,3,2,1,2,1,1,2,5,5,5,1,3,1,3,1,3,1,1,4,1,4,5,1,3,1,3,3,5,1,5,5,5,1,5,4
957,5,4,3,1,4,3,4,4,4,3,3,3,3,4,4,1,1,1,2,5,2,2,3,,4,4,3,4,4,5,5,3,2,2,2,3
958,5,4,2,1,1,1,2,2,2,1,1,5,1,2,1,1,2,2,1,4,4,4,5,4,4,4,3,2,3,2,5,3,3,3,1,1
959,5,5,5,3,1,3,3,4,1,1,1,3,2,2,2,3,2,4,2,4,5,5,5,4,3,2,2,2,3,2,2,3,4,2,1,1
960,4,3,3,2,3,4,4,4,3,2,4,2,5,4,5,4,3,1,2,4,5,4,4,3,2,5,5,5,4,2,4,4,4,2,3,1
961,5,3,4,4,1,5,1,3,5,5,5,3,3,5,2,5,1,1,4,5,2,4,4,3,4,3,3,2,4,3,4,5,3,3,3,3
962,5,3,4,4,1,3,4,5,3,1,1,5,4,3,2,3,4,4,3,5,5,4,5,4,4,5,4,4,5,3,4,5,5,5,5,3
963,5,2,3,4,4,5,3,2,1,1,1,1,1,4,1,1,3,1,3,3,3,4,4,4,1,1,3,4,5,2,1,5,3,1,3,4
964,4,4,4,3,3,5,1,5,4,1,1,3,1,4,1,1,2,4,4,5,5,5,5,1,5,5,5,5,5,1,4,5,5,5,1,4
965,5,4,3,2,3,3,3,3,5,5,5,3,4,3,4,5,3,2,4,3,4,4,4,3,3,3,4,4,4,3,4,3,4,2,2,2
966,5,5,5,3,3,3,5,5,5,2,4,1,3,2,5,2,5,4,3,5,5,5,5,5,5,5,5,5,5,3,5,5,5,1,1,3
967,5,5,1,1,1,5,5,1,1,1,1,1,3,4,1,5,5,1,5,5,5,1,5,5,1,3,5,5,1,2,1,5,5,5,1,1
968,5,3,2,2,2,3,2,2,5,5,5,1,4,4,4,2,3,2,3,5,4,4,5,1,5,5,4,5,5,5,5,5,2,3,5,5
969,5,4,3,2,2,3,3,4,3,2,1,5,3,3,3,2,2,3,2,5,3,3,5,3,4,4,3,4,4,2,4,2,1,1,5,4
970,5,3,2,1,2,3,2,4,5,4,3,2,2,3,4,3,2,1,1,5,3,4,5,4,4,5,5,5,2,2,5,3,3,1,3,1
971,5,3,5,1,4,5,5,3,4,2,1,4,2,5,4,4,2,1,5,5,5,4,5,5,4,5,5,5,3,3,4,2,3,2,4,4
972,5,4,2,4,3,4,2,2,5,4,4,1,4,3,4,3,2,3,2,4,2,2,4,2,4,2,4,4,4,2,4,3,2,3,3,3
973,5,3,3,3,3,3,4,3,5,2,4,1,3,3,5,5,3,2,2,5,3,4,5,5,5,4,4,4,4,1,4,3,4,2,3,3
974,5,3,2,5,5,4,5,2,5,5,5,1,4,5,2,3,1,1,3,4,5,3,5,3,4,2,5,5,5,3,1,2,4,1,1,2
975,5,3,1,2,2,2,2,2,5,5,5,1,5,3,4,4,2,2,1,5,3,4,5,4,4,3,3,3,5,2,4,3,4,3,5,3
976,5,3,5,5,5,5,5,5,5,5,5,5,5,5,5,5,5,5,5,5,3,4,4,4,3,2,3,5,5,3,3,5,4,3,1,4
977,5,3,4,2,3,3,5,5,5,2,2,3,4,4,4,2,5,2,3,5,1,3,5,5,3,3,4,5,4,3,4,2,5,2,4,3
978,5,4,4,2,2,1,1,4,4,3,2,4,2,1,2,3,2,4,1,5,4,5,4,4,3,4,3,2,3,3,2,2,1,3,3,1
979,5,2,2,1,2,2,1,4,5,5,3,2,3,5,5,3,3,1,2,5,2,3,5,3,3,2,5,5,3,2,4,5,3,3,2,2
980,5,3,4,2,2,4,4,5,5,1,1,3,2,4,4,1,4,2,3,5,2,3,5,4,3,5,5,5,4,2,5,5,3,5,3,2
981,5,3,2,2,2,5,1,4,4,4,2,1,3,5,4,1,4,1,4,5,3,5,3,3,2,2,2,2,3,2,3,5,5,5,1,2
982,5,4,1,2,4,5,5,3,4,1,1,1,2,3,4,5,2,1,2,5,5,5,4,3,5,3,3,4,2,2,3,5,5,2,1,2
983,5,4,2,1,1,3,2,2,4,3,2,2,4,3,4,5,1,1,2,4,1,1,4,1,4,2,2,3,2,1,3,1,2,3,3,4
984,5,4,3,1,1,3,3,5,3,1,1,4,4,2,3,3,4,2,1,5,4,2,5,4,1,1,5,5,1,1,2,2,2,3,1,1
985,5,2,1,3,2,3,3,3,4,4,3,1,2,1,4,3,3,1,1,4,5,2,3,2,1,1,3,3,3,1,2,1,1,4,1,1
986,5,2,1,3,2,4,2,4,5,3,3,1,4,2,3,5,2,1,2,5,3,4,4,5,2,2,4,5,1,1,2,4,3,2,1,2
987,4,3,2,5,3,5,2,2,4,2,4,3,3,4,4,4,2,4,4,4,1,1,3,3,2,2,4,3,5,2,1,5,5,3,5,3
988,4,3,2,2,3,2,1,1,5,3,2,,3,3,3,4,2,1,1,4,5,4,3,1,3,3,2,3,4,3,2,5,5,4,2,2
989,5,2,3,2,2,5,2,2,5,2,4,3,5,5,5,5,5,,3,5,3,5,5,3,5,5,5,2,5,2,3,5,5,5,4,5
990,5,5,3,2,2,4,5,5,5,5,1,5,2,3,3,3,5,5,3,3,1,1,5,5,1,3,5,3,3,3,3,5,5,5,1,1
991,5,4,2,1,1,2,2,3,4,4,1,1,1,2,3,1,2,1,2,5,2,4,5,2,3,4,2,2,5,4,4,3,2,5,1,1
992,5,5,2,1,1,1,1,1,5,5,4,5,2,1,4,2,1,2,1,5,4,5,4,1,4,4,1,1,4,3,5,4,1,2,1,1
993,4,4,4,1,4,4,1,3,4,4,3,2,3,2,1,1,2,5,2,4,4,4,4,3,5,3,4,4,4,3,4,5,2,3,5,5
994,5,3,3,1,2,3,1,4,4,1,1,4,1,1,1,4,1,2,1,5,1,1,5,5,1,2,5,5,2,1,2,1,,5,1,1
995,5,4,3,2,2,3,4,3,5,3,4,2,4,3,5,3,1,1,1,5,3,3,3,3,3,3,5,5,5,1,3,5,5,2,1,1
996,5,4,2,1,1,1,2,1,4,4,3,3,2,1,1,2,2,5,1,5,4,5,4,3,5,3,3,3,4,1,4,3,4,3,4,2
997,5,3,1,1,1,3,2,1,4,3,1,4,4,2,3,3,1,1,1,3,2,4,4,1,3,2,3,2,3,2,4,4,1,1,1,1
998,5,4,3,3,3,1,3,3,4,2,4,2,4,1,1,2,4,1,1,4,5,3,5,4,2,2,5,2,3,2,3,1,5,1,2,1
999,5,4,4,3,1,3,2,3,5,5,4,3,2,1,5,3,3,5,2,5,4,5,5,3,5,4,4,5,4,4,5,3,4,2,5,5
1000,5,5,5,3,4,5,4,4,4,3,,5,5,5,5,5,5,5,3,4,4,3,5,4,5,4,3,4,5,2,5,4,5,3,5,3
1001,5,3,3,3,2,3,3,4,3,1,1,5,3,2,3,3,3,3,1,5,5,5,5,5,2,5,5,5,3,2,2,3,3,2,1,1
1002,5,5,5,1,2,1,4,4,3,2,4,4,3,1,4,1,2,3,1,3,4,3,5,4,1,1,3,3,2,2,3,3,2,3,1,1
1003,5,5,3,1,3,1,1,2,5,5,3,1,4,2,2,4,1,3,1,3,5,4,3,1,2,2,2,2,2,2,3,2,2,1,1,3
1004,4,3,4,3,2,2,3,4,5,2,3,2,4,4,4,2,4,4,2,5,4,4,5,4,4,3,3,3,4,2,4,3,4,3,1,1
1005,5,3,4,1,2,3,2,3,3,4,3,5,4,2,3,2,2,5,3,5,4,4,5,3,4,4,4,5,3,3,3,3,4,1,2,2
1006,5,2,5,2,2,5,4,4,4,3,2,4,1,5,4,4,3,3,2,5,2,3,4,5,4,2,5,5,2,1,4,4,4,2,1,2
1007,4,4,5,1,3,4,1,4,1,1,4,1,1,2,3,1,3,4,1,5,2,5,5,1,5,5,1,5,5,2,5,4,1,1,5,4
1008,4,3,1,1,2,2,2,3,4,1,2,3,3,2,2,5,1,1,1,4,5,5,3,5,2,1,4,4,3,1,3,2,3,3,3,1
1009,5,3,3,3,1,3,1,3,4,1,1,2,2,3,2,5,2,2,1,5,3,4,5,3,1,2,5,5,3,1,4,3,5,3,1,1
1010,5,5,4,3,2,3,3,4,1,1,2,3,1,1,3,2,2,3,1,5,2,3,5,2,3,1,4,2,4,1,4,2,3,1,2,2
